"Last Time Detected","Site Name","Object Type","Object Name","Alarm Name","Probable Cause","Severity","OLC State","Additional Text","Alarm Type","Site ID","Object ID","Urgency","Acknowledged","Acknowledged By","First Time Detected","Number Of Occurrences"
2023/02/01 17:22:39 000 IST,billa,ltecmm.CMMInstance,cmmInst,CmmLSS_externalLinkDown,linkFailure,Major,In Service,LSS_externalLinkDown : ipds : billa-ipds0 : PoolType=IPDS:PoolId=0:Resource_type=mmeLink:LinkId=S1mme_31 : S1mme link 31 (10.41.227.24ENB NAME: T0002743N0018472 PLMN ID: 001-01f ENB ID: 167) intf name S1MME_1 is Disabled;,communicationsAlarm,10.103.253.100,network:10.103.253.100:cmmInst,Indeterminate,false,N/A,2023/02/01 17:22:39 000 IST,1
2023/02/01 17:21:13 000 IST,billa,ltecmm.CppsVNFCMember,"CPPS, Pool ID - 1, Member ID - 0",CmmLSS_cpiFailuresOverSGs,thresholdCrossed,Critical,In Service,"LSS_cpiFailuresOverSGs : pm : billa-necc0 : PoolType=CPPS:PoolId=1:PoolMemberId=0:CompId=PMCPI:Resource_type=cpiFailuresOverSGs:UUID=48f0d6c1-639a-41a5-81c3-91ed9324729a : Counts: VS.AttSGsSignalingProcedures=108,VS.NbrSuccessSGsSignalingProcedures=37 over previous 35 minutes (7 interval(s)) resulted in a failure rate of 65.7% above threshold=10%. See alarm documentation for this alarm for a description of these values and calculation.;",qualityOfServiceAlarm,10.103.253.100,network:10.103.253.100:cmmInst:cvnfc-cmmAgg-cpps-1-0,Indeterminate,false,N/A,2023/02/01 17:21:13 000 IST,1
2023/02/01 17:21:13 000 IST,billa,ltecmm.CppsVNFCMember,"CPPS, Pool ID - 0, Member ID - 0",CmmLSS_cpiAttachWithSGWreselection,thresholdCrossed,Minor,In Service,"LSS_cpiAttachWithSGWreselection : pm : billa-necc0 : PoolType=CPPS:PoolId=0:PoolMemberId=0:CompId=PMCPI:Resource_type=cpiAttachWithSGWreselection:UUID=94e83f91-8629-4b35-b3a1-6dc177bf1116 : Counts: VS.AttAttachRequests=103,VS.AttachSgwReselection=18 over previous 30 minutes (6 interval(s)) resulted in a failure rate of 17.4% above threshold=15%. See alarm documentation for this alarm for a description of these values and calculation.;",qualityOfServiceAlarm,10.103.253.100,network:10.103.253.100:cmmInst:cvnfc-cmmAgg-cpps-0-0,Indeterminate,false,N/A,2023/02/01 17:21:13 000 IST,1
2023/02/01 17:21:13 000 IST,billa,ltecmm.CppsVNFCMember,"CPPS, Pool ID - 0, Member ID - 0",CmmLSS_cpiAttachFailures,thresholdCrossed,Critical,In Service,"LSS_cpiAttachFailures : pm : billa-necc0 : PoolType=CPPS:PoolId=0:PoolMemberId=0:CompId=PMCPI:Resource_type=cpiAttachFailures:UUID=94e83f91-8629-4b35-b3a1-6dc177bf1116 : Counts: VS.AttAttachRequests=103,VS.NbrSuccessAttachRequests=15 over previous 30 minutes (6 interval(s)) resulted in a failure rate of 85.4% above threshold=15%. See alarm documentation for this alarm for a description of these values and calculation.;",qualityOfServiceAlarm,10.103.253.100,network:10.103.253.100:cmmInst:cvnfc-cmmAgg-cpps-0-0,Indeterminate,false,N/A,2023/02/01 17:21:13 000 IST,1
2023/02/01 17:16:45 000 IST,billa,ltecmm.CMMInstance,cmmInst,CmmLSS_externalLinkDown,linkFailure,Major,In Service,LSS_externalLinkDown : ipds : billa-ipds0 : PoolType=IPDS:PoolId=0:Resource_type=mmeLink:LinkId=S1mme_209 : S1mme link 209 (10.45.156.70ENB NAME: Ironhide eNB1 PLMN ID: 001-01f ENB ID: 3707) intf name S1MME_3 is Disabled;,communicationsAlarm,10.103.253.100,network:10.103.253.100:cmmInst,Indeterminate,false,N/A,2023/02/01 17:16:45 000 IST,1
2023/02/01 17:16:13 000 IST,billa,ltecmm.CppsVNFCMember,"CPPS, Pool ID - 1, Member ID - 0",CmmLSS_cpiTauFailures,thresholdCrossed,Critical,In Service,"LSS_cpiTauFailures : pm : billa-necc0 : PoolType=CPPS:PoolId=1:PoolMemberId=0:CompId=PMCPI:Resource_type=cpiTauFailures:UUID=48f0d6c1-639a-41a5-81c3-91ed9324729a : Counts: VS.AttTAU=109,VS.NbrSuccessTAU=85 over previous 45 minutes (9 interval(s)) resulted in a failure rate of 22.0% above threshold=15%. See alarm documentation for this alarm for a description of these values and calculation.;",qualityOfServiceAlarm,10.103.253.100,network:10.103.253.100:cmmInst:cvnfc-cmmAgg-cpps-1-0,Indeterminate,false,N/A,2023/02/01 17:16:13 000 IST,1
2023/02/01 17:15:21 000 IST,billa,ltecmm.CMMInstance,cmmInst,CmmLSS_externalLinkDown,linkFailure,Major,In Service,LSS_externalLinkDown : ipds : billa-ipds0 : PoolType=IPDS:PoolId=0:Resource_type=mmeLink:LinkId=S1mme_207 : S1mme link 207 (10.71.240.87ENB NAME: Ironhide eNB1 PLMN ID: 001-01f ENB ID: 2020) intf name S1MME_3 is Disabled;,communicationsAlarm,10.103.253.100,network:10.103.253.100:cmmInst,Indeterminate,false,N/A,2023/02/01 17:15:21 000 IST,1
2023/02/01 17:14:57 000 IST,billa,ltecmm.CMMInstance,cmmInst,CmmLSS_externalLinkDown,linkFailure,Major,In Service,LSS_externalLinkDown : ipds : billa-ipds0 : PoolType=IPDS:PoolId=0:Resource_type=mmeLink:LinkId=S1mme_292 : S1mme link 292 (10.71.240.94ENB NAME: Ironhide eNB1 PLMN ID: 001-01f ENB ID: 2027) intf name S1MME_3 is Disabled;,communicationsAlarm,10.103.253.100,network:10.103.253.100:cmmInst,Indeterminate,false,N/A,2023/02/01 17:14:57 000 IST,1
2023/02/01 17:13:54 000 IST,billa,ltecmm.CMMInstance,cmmInst,CmmLSS_externalLinkDown,linkFailure,Major,In Service,LSS_externalLinkDown : ipds : billa-ipds0 : PoolType=IPDS:PoolId=0:Resource_type=mmeLink:LinkId=S1mme_18 : S1mme link 18 (10.43.197.144ENB NAME: eNBlab1 PLMN ID: 404-99f ENB ID: 1415) intf name S1MME_3 is Disabled;,communicationsAlarm,10.103.253.100,network:10.103.253.100:cmmInst,Indeterminate,false,N/A,2023/02/01 17:13:54 000 IST,1
2023/02/01 17:13:25 000 IST,billa,ltecmm.CMMInstance,cmmInst,CmmLSS_externalLinkDown,linkFailure,Major,In Service,LSS_externalLinkDown : ipds : billa-ipds0 : PoolType=IPDS:PoolId=0:Resource_type=mmeLink:LinkId=S1mme_216 : S1mme link 216 (10.71.240.86ENB NAME: MRBTS PLMN ID: 404-99f ENB ID: 201) intf name S1MME_3 is Disabled;,communicationsAlarm,10.103.253.100,network:10.103.253.100:cmmInst,Indeterminate,false,N/A,2023/02/01 17:13:25 000 IST,1
2023/02/01 17:06:14 000 IST,billa,ltecmm.CppsVNFCMember,"CPPS, Pool ID - 0, Member ID - 0",CmmLSS_cpiServiceRequestFailures,thresholdCrossed,Minor,In Service,"LSS_cpiServiceRequestFailures : pm : billa-necc0 : PoolType=CPPS:PoolId=0:PoolMemberId=0:CompId=PMCPI:Resource_type=cpiServiceRequestFailures:UUID=94e83f91-8629-4b35-b3a1-6dc177bf1116 : Counts: VS.AttServiceRequests=148,VS.NbrSuccessServiceRequests=140 over previous 25 minutes (5 interval(s)) resulted in a failure rate of 5.4% above threshold=5%. See alarm documentation for this alarm for a description of these values and calculation.;",qualityOfServiceAlarm,10.103.253.100,network:10.103.253.100:cmmInst:cvnfc-cmmAgg-cpps-0-0,Indeterminate,false,N/A,2023/02/01 17:06:14 000 IST,1
2023/02/01 16:56:13 000 IST,billa,ltecmm.CppsVNFCMember,"CPPS, Pool ID - 1, Member ID - 0",CmmLSS_cpiUEauthFailures,thresholdCrossed,Minor,In Service,"LSS_cpiUEauthFailures : pm : billa-necc0 : PoolType=CPPS:PoolId=1:PoolMemberId=0:CompId=PMCPI:Resource_type=cpiUEauthFailures:UUID=48f0d6c1-639a-41a5-81c3-91ed9324729a : Counts: VS.AttAuthRequestsUE=104,VS.NbrSuccessAuthRequestsUE=94 over previous 25 minutes (5 interval(s)) resulted in a failure rate of 9.6% above threshold=5%. See alarm documentation for this alarm for a description of these values and calculation.;",qualityOfServiceAlarm,10.103.253.100,network:10.103.253.100:cmmInst:cvnfc-cmmAgg-cpps-1-0,Indeterminate,false,N/A,2023/02/01 16:56:13 000 IST,1
2023/02/01 16:47:03 975 IST,billa,ltecmm.CMMInstance,cmmInst,PmFileNotificationMissing,PMFileNotificationMissing,Critical,In Service,N/A,communicationsAlarm,10.103.253.100,network:10.103.253.100:cmmInst,Indeterminate,false,N/A,2022/08/20 02:19:49 183 IST,168780
2023/02/01 16:46:25 000 IST,billa,lte.MmeS11Peer,mmeS11-7,CmmLSS_externalLinkDown,linkFailure,Major,In Service,LSS_externalLinkDown : ipds : billa-ipds0 : PoolType=IPDS:PoolId=0:Resource_type=mmeLink:LinkId=S11_7 : S11 link 7 (27.180.1.12) intf name S11 is Disabled;,communicationsAlarm,10.103.253.100,network:10.103.253.100:cmmInst:mmeS11-7,Indeterminate,false,N/A,2023/02/01 16:46:25 000 IST,1
2023/02/01 16:45:15 512 IST,billa,netw.NetworkElement,billa,ScheduledPollerProblem,scheduledResyncFailed,Warning,In Service,N/A,communicationsAlarm,10.103.253.100,network:10.103.253.100,Indeterminate,false,N/A,2022/12/22 11:45:30 717 IST,715
2023/02/01 16:44:36 963 IST,billa,netw.NetworkElement,billa,NetConfEventSubscriptionProblem,NetConfEventSubscriptionFailed,Major,In Service,Alarm raised for failure of netconf event subscription.,communicationsAlarm,10.103.253.100,network:10.103.253.100,Indeterminate,false,N/A,2022/09/03 22:27:26 472 IST,33884
2023/02/01 16:41:13 000 IST,billa,ltecmm.VNFCMember,"IPDS, Pool ID - 0, Member ID - 0",CmmLSS_cpiS1MMEconnFailures,thresholdCrossed,Critical,In Service,"LSS_cpiS1MMEconnFailures : pm : billa-necc0 : PoolType=IPDS:PoolId=0:PoolMemberId=0:CompId=PMCPI:Resource_type=cpiS1MMEconnFailures:UUID=cdfd0b7e-3690-4b83-86e9-b0e6efcc9b14 : Counts: VS.AttS1MMEconnEst=102,VS.NumSuccessS1MMEconnEst=43 over previous 40 minutes (8 interval(s)) resulted in a failure rate of 57.8% above threshold=10%. See alarm documentation for this alarm for a description of these values and calculation.;",qualityOfServiceAlarm,10.103.253.100,network:10.103.253.100:cmmInst:vnfc-cmmAgg-ipds-0-0,Indeterminate,false,N/A,2023/02/01 16:41:13 000 IST,1
2023/02/01 13:42:54 000 IST,billa,ltecmm.CMMInstance,cmmInst,CmmLSS_pathAvailability,linkFailure,Major,In Service,"LSS_pathAvailability : ipds : billa-ipds0 : PoolType=IPDS:PoolId=0:Resource_type=mmeLink:LinkId=SBC_4 : SCTP PATH UNREACHABLE: RMT=SCTP-36719@192.168.122.1, LCL=SCTP-29168@10.103.226.53  path=10.103.226.53_192.168.122.1;",communicationsAlarm,10.103.253.100,network:10.103.253.100:cmmInst,Indeterminate,false,N/A,2023/02/01 13:42:54 000 IST,1
2023/02/01 02:00:17 359 IST,billa,netw.NetworkElement,billa,BootableConfigBackupFailed,fileTransferFailure,Major,In Service,"Cannot initialize session (node=10.103.253.100): IOException: DefaultOpenFuture[ChannelSubsystem[id=0, recipient=-1]-ClientSessionImpl[cmm@/10.103.253.100:830][netconf]]: Failed to get operation result within specified timeout: 10000;",configurationAlarm,10.103.253.100,network:10.103.253.100,Indeterminate,false,N/A,2022/08/19 02:00:03 572 IST,134
2023/01/31 16:56:50 098 IST,billa,netw.NetworkElement,billa,PollerProblem,resyncFailed,Warning,In Service,N/A,communicationsAlarm,10.103.253.100,network:10.103.253.100,Indeterminate,false,N/A,2022/09/30 23:25:11 645 IST,28
2022/12/30 22:05:13 000 IST,billa,ltecmm.CMMInstance,cmmInst,CmmLSS_pathAvailability,linkFailure,Major,In Service,LSS_pathAvailability : ipds : billa-ipds0 : PoolType=IPDS:PoolId=0:Resource_type=mmeLink:LinkId=S1mme : Paths are down for this interface type: S1mme Renewed;,communicationsAlarm,10.103.253.100,network:10.103.253.100:cmmInst,Indeterminate,false,N/A,2022/12/30 22:05:13 000 IST,1
2022/12/30 16:16:53 000 IST,billa,ltecmm.CMMInstance,cmmInst,CmmLSS_externalLinkDown,linkFailure,Major,In Service,LSS_externalLinkDown : ipds : billa-ipds0 : PoolType=IPDS:PoolId=0:Resource_type=mmeLink:LinkId=S1mme_111 : S1mme link 111 (10.43.197.136ENB NAME: eNBlab1 PLMN ID: 404-99f ENB ID: 536) intf name S1MME_1 is Disabled;,communicationsAlarm,10.103.253.100,network:10.103.253.100:cmmInst,Indeterminate,false,N/A,2022/12/30 16:16:53 000 IST,1
2022/12/30 16:14:11 000 IST,billa,ltecmm.CMMInstance,cmmInst,CmmLSS_externalLinkDown,linkFailure,Major,In Service,LSS_externalLinkDown : ipds : billa-ipds0 : PoolType=IPDS:PoolId=0:Resource_type=mmeLink:LinkId=S1mme_202 : S1mme link 202 (10.45.156.78ENB NAME: MRBTS PLMN ID: 404-99f ENB ID: 3723) intf name S1MME_3 is Disabled;,communicationsAlarm,10.103.253.100,network:10.103.253.100:cmmInst,Indeterminate,false,N/A,2022/12/30 16:14:11 000 IST,1
2022/12/30 15:32:46 000 IST,billa,ltecmm.CMMInstance,cmmInst,CmmLSS_externalLinkDown,linkFailure,Major,In Service,LSS_externalLinkDown : ipds : billa-ipds0 : PoolType=IPDS:PoolId=0:Resource_type=mmeLink:LinkId=S1mme_11 : S1mme link 11 (10.41.211.198ENB NAME: enb1073 PLMN ID: 404-99f ENB ID: 1069) intf name S1MME_3 is Disabled;,communicationsAlarm,10.103.253.100,network:10.103.253.100:cmmInst,Indeterminate,false,N/A,2022/12/30 15:32:46 000 IST,1
2022/12/29 18:18:03 000 IST,billa,ltecmm.CppsVNFCMember,"CPPS, Pool ID - 0, Member ID - 0",CmmLSS_mscDnsError,softwareError,Minor,In Service,LSS_mscDnsError : ssp : billa-cpps0 : Machine=billa-cpps0:PoolType=CPPS:PoolId=0:PoolMemberId=0:Resource_type=mscDNS:UUID=94e83f91-8629-4b35-b3a1-6dc177bf1116 : See customer log for more details! :NAPTR-Query fqdn=rac001e.lac0069.rac.epc.mnc099.mcc404.3gppnetwork.org:NAPTR-Query fqdn=rac001e.lac0069.rac.epc.mnc099.mcc404.3gppnetwork.org:NAPTR-Query fqdn=rac001e.lac0069.rac.epc.mnc099.mcc404.3gppnetwork.org:NAPTR-Query fqdn=rac001e.lac0069.rac.epc.mnc099.mcc404.3gppnetwork.org:NAPTR-Query fqdn=rac001e.lac0069.rac.epc.mnc099.mcc404.3gppnetwork.org:NAPTR-Query fqdn=rac001e.lac0069.rac.epc.mnc099.mcc404.3gppnetwork.org:NAPTR-Query fqdn=rac001e.lac0069.rac.epc.mnc099.m;,processingErrorAlarm,10.103.253.100,network:10.103.253.100:cmmInst:cvnfc-cmmAgg-cpps-0-0,Indeterminate,false,N/A,2022/12/29 18:18:03 000 IST,1
2022/12/28 10:01:24 000 IST,billa,ltecmm.CppsVNFCMember,"CPPS, Pool ID - 1, Member ID - 0",CmmLSS_mscDnsError,softwareError,Minor,In Service,LSS_mscDnsError : ssp : billa-cpps1 : Machine=billa-cpps1:PoolType=CPPS:PoolId=1:PoolMemberId=0:Resource_type=mscDNS:UUID=48f0d6c1-639a-41a5-81c3-91ed9324729a : See customer log for more details! :NAPTR-Query fqdn=rac00ff.lac2185.rac.epc.mnc099.mcc404.3gppnetwork.org:NAPTR-Query fqdn=rac00ff.lac2185.rac.epc.mnc099.mcc404.3gppnetwork.org:NAPTR-Query fqdn=rac00ff.lac2185.rac.epc.mnc099.mcc404.3gppnetwork.org:NAPTR-Query fqdn=rac00ff.lac2185.rac.epc.mnc099.mcc404.3gppnetwork.org:NAPTR-Query fqdn=rac00ff.lac2185.rac.epc.mnc099.mcc404.3gppnetwork.org:NAPTR-Query fqdn=rac00ff.lac2185.rac.epc.mnc099.mcc404.3gppnetwork.org:NAPTR-Query fqdn=rac00ff.lac2185.rac.epc.mnc099.m;,processingErrorAlarm,10.103.253.100,network:10.103.253.100:cmmInst:cvnfc-cmmAgg-cpps-1-0,Indeterminate,false,N/A,2022/12/28 10:01:24 000 IST,1
2022/12/26 14:28:42 978 IST,billa,netw.NetworkElement,billa,NodeRebooted,nodeReboot,Warning,In Service,N/A,equipmentAlarm,10.103.253.100,network:10.103.253.100,Indeterminate,false,N/A,2022/12/26 14:28:42 978 IST,1
2022/12/22 13:35:02 000 IST,billa,ltecmm.CMMInstance,cmmInst,CmmLSS_externalLinkDown,linkFailure,Major,In Service,LSS_externalLinkDown : ipds : billa-ipds0 : PoolType=IPDS:PoolId=0:Resource_type=mmeLink:LinkId=S1mme_108 : S1mme link 108 (10.43.197.136ENB NAME: eNBlab1 PLMN ID: 404-99f ENB ID: 536) intf name S1MME_1 is Disabled;,communicationsAlarm,10.103.253.100,network:10.103.253.100:cmmInst,Indeterminate,false,N/A,2022/12/22 13:35:02 000 IST,1
2022/12/22 13:31:13 000 IST,billa,ltecmm.CppsVNFCMember,"CPPS, Pool ID - 1, Member ID - 0",CmmLSS_cpiHSSauthFailures,thresholdCrossed,Critical,In Service,"LSS_cpiHSSauthFailures : pm : billa-necc1 : PoolType=CPPS:PoolId=1:PoolMemberId=0:CompId=PMCPI:Resource_type=cpiHSSauthFailures:UUID=48f0d6c1-639a-41a5-81c3-91ed9324729a : Counts: VS.AttAuthRequestsHSS=119,VS.NbrSuccessAuthRequestsHSS=0 over previous 20 minutes (4 interval(s)) resulted in a failure rate of 100.0% above threshold=15%. See alarm documentation for this alarm for a description of these values and calculation.;",qualityOfServiceAlarm,10.103.253.100,network:10.103.253.100:cmmInst:cvnfc-cmmAgg-cpps-1-0,Indeterminate,false,N/A,2022/12/22 13:31:13 000 IST,1
2022/12/22 13:31:13 000 IST,billa,ltecmm.VNFCMember,"IPDS, Pool ID - 0, Member ID - 0",CmmLSS_cpiS1MMEconnFailures,thresholdCrossed,Critical,In Service,"LSS_cpiS1MMEconnFailures : pm : billa-necc1 : PoolType=IPDS:PoolId=0:PoolMemberId=0:CompId=PMCPI:Resource_type=cpiS1MMEconnFailures:UUID=cdfd0b7e-3690-4b83-86e9-b0e6efcc9b14 : Counts: VS.AttS1MMEconnEst=111,VS.NumSuccessS1MMEconnEst=41 over previous 45 minutes (9 interval(s)) resulted in a failure rate of 63.0% above threshold=10%. See alarm documentation for this alarm for a description of these values and calculation.;",qualityOfServiceAlarm,10.103.253.100,network:10.103.253.100:cmmInst:vnfc-cmmAgg-ipds-0-0,Indeterminate,false,N/A,2022/12/22 13:31:13 000 IST,1
2022/12/22 13:30:34 000 IST,billa,ltecmm.CMMInstance,cmmInst,CmmLSS_externalLinkDown,linkFailure,Major,In Service,LSS_externalLinkDown : ipds : billa-ipds0 : PoolType=IPDS:PoolId=0:Resource_type=mmeLink:LinkId=S1mme_77 : S1mme link 77 (10.41.220.226ENB NAME: Prowl PLMN ID: 404-99f ENB ID: 3316) intf name S1MME_1 is Disabled;,communicationsAlarm,10.103.253.100,network:10.103.253.100:cmmInst,Indeterminate,false,N/A,2022/12/22 13:30:34 000 IST,1
2022/12/22 13:22:18 000 IST,billa,ltecmm.CMMInstance,cmmInst,CmmLSS_externalLinkDown,linkFailure,Major,In Service,LSS_externalLinkDown : ipds : billa-ipds0 : PoolType=IPDS:PoolId=0:Resource_type=mmeLink:LinkId=S1mme_205 : S1mme link 205 (10.58.212.55ENB NAME: eNBlab1 PLMN ID: 404-99f ENB ID: 3621) intf name S1MME_1 is Disabled;,communicationsAlarm,10.103.253.100,network:10.103.253.100:cmmInst,Indeterminate,false,N/A,2022/12/22 13:22:18 000 IST,1
2022/12/22 13:20:13 000 IST,billa,lte.MmeS6adPeer,mmeS6ad-11,CmmLSS_externalLinkDown,linkFailure,Major,In Service,LSS_externalLinkDown : ipds : billa-ipds0 : PoolType=IPDS:PoolId=0:Resource_type=mmeLink:LinkId=S6ad_11 : S6ad link 11 (10.103.45.183) intf name S6ad is Disabled;,communicationsAlarm,10.103.253.100,network:10.103.253.100:cmmInst:mmeS6ad-11,Indeterminate,false,N/A,2022/12/22 13:20:13 000 IST,1
2022/12/22 12:59:41 000 IST,billa,ltecmm.CMMInstance,cmmInst,CmmLSS_externalLinkDown,linkFailure,Major,In Service,LSS_externalLinkDown : ipds : billa-ipds0 : PoolType=IPDS:PoolId=0:Resource_type=mmeLink:LinkId=S1mme_6 : S1mme link 6 (10.41.227.21ENB NAME: IAV-Blackout PLMN ID: 404-99f ENB ID: 1150) intf name S1MME_1 is Disabled;,communicationsAlarm,10.103.253.100,network:10.103.253.100:cmmInst,Indeterminate,false,N/A,2022/12/22 12:59:41 000 IST,1
2022/12/22 12:52:46 000 IST,billa,ltecmm.CMMInstance,cmmInst,CmmLSS_externalLinkDown,linkFailure,Major,In Service,LSS_externalLinkDown : ipds : billa-ipds0 : PoolType=IPDS:PoolId=0:Resource_type=mmeLink:LinkId=S1mme_259 : S1mme link 259 (2a00:8a00:a000:1104::380aENB NAME: MRBTS PLMN ID: 404-99f ENB ID: 3608) intf name S1MME_3 is Disabled;,communicationsAlarm,10.103.253.100,network:10.103.253.100:cmmInst,Indeterminate,false,N/A,2022/12/22 12:52:46 000 IST,1
2022/12/22 12:51:13 000 IST,billa,ltecmm.CppsVNFCMember,"CPPS, Pool ID - 1, Member ID - 0",CmmLSS_cpiAttachFailures,thresholdCrossed,Critical,In Service,"LSS_cpiAttachFailures : pm : billa-necc1 : PoolType=CPPS:PoolId=1:PoolMemberId=0:CompId=PMCPI:Resource_type=cpiAttachFailures:UUID=48f0d6c1-639a-41a5-81c3-91ed9324729a : Counts: VS.AttAttachRequests=106,VS.NbrSuccessAttachRequests=0 over previous 10 minutes (2 interval(s)) resulted in a failure rate of 100.0% above threshold=15%. See alarm documentation for this alarm for a description of these values and calculation.;",qualityOfServiceAlarm,10.103.253.100,network:10.103.253.100:cmmInst:cvnfc-cmmAgg-cpps-1-0,Indeterminate,false,N/A,2022/12/22 12:51:13 000 IST,1
2022/12/22 12:49:55 000 IST,billa,ltecmm.CMMInstance,cmmInst,CmmLSS_externalLinkDown,linkFailure,Major,In Service,LSS_externalLinkDown : ipds : billa-ipds0 : PoolType=IPDS:PoolId=0:Resource_type=mmeLink:LinkId=S1mme_103 : S1mme link 103 (10.58.239.47ENB NAME: IVlab PLMN ID: 001-01f ENB ID: 993) intf name S1MME_1 is Disabled;,communicationsAlarm,10.103.253.100,network:10.103.253.100:cmmInst,Indeterminate,false,N/A,2022/12/22 12:49:55 000 IST,1
2022/12/22 10:52:13 000 IST,billa,ltecmm.CMMInstance,cmmInst,CmmLSS_externalLinkDown,linkFailure,Major,In Service,LSS_externalLinkDown : ipds : billa-ipds0 : PoolType=IPDS:PoolId=0:Resource_type=mmeLink:LinkId=S1mme_158 : S1mme link 158 (10.41.220.206ENB NAME: sbts3274 PLMN ID: 404-99f ENB ID: 3301) intf name S1MME_1 is Disabled;,communicationsAlarm,10.103.253.100,network:10.103.253.100:cmmInst,Indeterminate,false,N/A,2022/12/22 10:52:13 000 IST,1
2022/12/22 10:51:26 000 IST,billa,ltecmm.CMMInstance,cmmInst,CmmLSS_externalLinkDown,linkFailure,Major,In Service,LSS_externalLinkDown : ipds : billa-ipds0 : PoolType=IPDS:PoolId=0:Resource_type=mmeLink:LinkId=S1mme_265 : S1mme link 265 (10.45.155.18ENB NAME: eNBlab1 PLMN ID: 404-99f ENB ID: 1029) intf name S1MME_3 is Disabled;,communicationsAlarm,10.103.253.100,network:10.103.253.100:cmmInst,Indeterminate,false,N/A,2022/12/22 10:51:26 000 IST,1
2022/12/22 10:21:14 000 IST,billa,ltecmm.CppsVNFCMember,"CPPS, Pool ID - 0, Member ID - 0",CmmLSS_cpiFailuresOverSGs,thresholdCrossed,Critical,In Service,"LSS_cpiFailuresOverSGs : pm : billa-necc1 : PoolType=CPPS:PoolId=0:PoolMemberId=0:CompId=PMCPI:Resource_type=cpiFailuresOverSGs:UUID=94e83f91-8629-4b35-b3a1-6dc177bf1116 : Counts: VS.AttSGsSignalingProcedures=129,VS.NbrSuccessSGsSignalingProcedures=76 over previous 20 minutes (4 interval(s)) resulted in a failure rate of 41.0% above threshold=10%. See alarm documentation for this alarm for a description of these values and calculation.;",qualityOfServiceAlarm,10.103.253.100,network:10.103.253.100:cmmInst:cvnfc-cmmAgg-cpps-0-0,Indeterminate,false,N/A,2022/12/22 10:21:14 000 IST,1
2022/12/22 10:16:13 000 IST,billa,ltecmm.VNFCMember,"IPDS, Pool ID - 0, Member ID - 0",CmmLSS_cpiS1MMEconnFailures,thresholdCrossed,Critical,In Service,"LSS_cpiS1MMEconnFailures : pm : billa-necc1 : PoolType=IPDS:PoolId=0:PoolMemberId=0:CompId=PMCPI:Resource_type=cpiS1MMEconnFailures:UUID=cdfd0b7e-3690-4b83-86e9-b0e6efcc9b14 : Counts: VS.AttS1MMEconnEst=110,VS.NumSuccessS1MMEconnEst=33 over previous 55 minutes (11 interval(s)) resulted in a failure rate of 70.0% above threshold=10%. See alarm documentation for this alarm for a description of these values and calculation.;",qualityOfServiceAlarm,10.103.253.100,network:10.103.253.100:cmmInst:vnfc-cmmAgg-ipds-0-0,Indeterminate,false,N/A,2022/12/22 10:16:13 000 IST,1
2022/12/19 22:36:41 000 IST,billa,ltecmm.CMMInstance,cmmInst,CmmLSS_externalLinkDown,linkFailure,Major,In Service,LSS_externalLinkDown : ipds : billa-ipds0 : PoolType=IPDS:PoolId=0:Resource_type=mmeLink:LinkId=S1mme_142 : S1mme link 142 (10.58.239.22ENB NAME: IVlab PLMN ID: 001-01f ENB ID: 943) intf name S1MME_1 is Disabled;,communicationsAlarm,10.103.253.100,network:10.103.253.100:cmmInst,Indeterminate,false,N/A,2022/12/19 22:36:41 000 IST,1
2022/12/19 22:36:37 000 IST,billa,ltecmm.CMMInstance,cmmInst,CmmLSS_externalLinkDown,linkFailure,Major,In Service,LSS_externalLinkDown : ipds : billa-ipds0 : PoolType=IPDS:PoolId=0:Resource_type=mmeLink:LinkId=S1mme_117 : S1mme link 117 (2a00:8a00:a000:1186::a2b:c5faENB NAME: IAV-Blackout PLMN ID: 404-99f ENB ID: 613) intf name S1MME_1 is Disabled;,communicationsAlarm,10.103.253.100,network:10.103.253.100:cmmInst,Indeterminate,false,N/A,2022/12/19 22:36:37 000 IST,1
2022/12/19 22:36:32 000 IST,billa,ltecmm.CMMInstance,cmmInst,CmmLSS_externalLinkDown,linkFailure,Major,In Service,LSS_externalLinkDown : ipds : billa-ipds0 : PoolType=IPDS:PoolId=0:Resource_type=mmeLink:LinkId=S1mme_159 : S1mme link 159 (10.41.175.201ENB NAME: MTBTS-1208 PLMN ID: 404-99f ENB ID: 1208) intf name S1MME_1 is Disabled;,communicationsAlarm,10.103.253.100,network:10.103.253.100:cmmInst,Indeterminate,false,N/A,2022/12/19 22:36:32 000 IST,1
2022/12/19 22:36:27 000 IST,billa,ltecmm.CMMInstance,cmmInst,CmmLSS_externalLinkDown,linkFailure,Major,In Service,LSS_externalLinkDown : ipds : billa-ipds0 : PoolType=IPDS:PoolId=0:Resource_type=mmeLink:LinkId=S1mme_141 : S1mme link 141 (10.58.239.20ENB NAME: IVlab PLMN ID: 001-01f ENB ID: 940) intf name S1MME_1 is Disabled;,communicationsAlarm,10.103.253.100,network:10.103.253.100:cmmInst,Indeterminate,false,N/A,2022/12/19 22:36:27 000 IST,1
2022/12/19 22:36:26 000 IST,billa,ltecmm.CMMInstance,cmmInst,CmmLSS_externalLinkDown,linkFailure,Major,In Service,LSS_externalLinkDown : ipds : billa-ipds0 : PoolType=IPDS:PoolId=0:Resource_type=mmeLink:LinkId=S1mme_273 : S1mme link 273 (10.41.227.27ENB NAME: 1979BR-L PLMN ID: 404-99f ENB ID: 1156) intf name S1MME_1 is Disabled;,communicationsAlarm,10.103.253.100,network:10.103.253.100:cmmInst,Indeterminate,false,N/A,2022/12/19 22:36:26 000 IST,1
2022/12/19 22:36:18 000 IST,billa,ltecmm.CMMInstance,cmmInst,CmmLSS_externalLinkDown,linkFailure,Major,In Service,LSS_externalLinkDown : ipds : billa-ipds0 : PoolType=IPDS:PoolId=0:Resource_type=mmeLink:LinkId=S1mme_181 : S1mme link 181 (10.43.14.155ENB NAME: eNB187 PLMN ID: 404-99f ENB ID: 192) intf name S1MME_1 is Disabled;,communicationsAlarm,10.103.253.100,network:10.103.253.100:cmmInst,Indeterminate,false,N/A,2022/12/19 22:36:18 000 IST,1
2022/12/19 22:36:15 000 IST,billa,ltecmm.CMMInstance,cmmInst,CmmLSS_externalLinkDown,linkFailure,Major,In Service,LSS_externalLinkDown : ipds : billa-ipds0 : PoolType=IPDS:PoolId=0:Resource_type=mmeLink:LinkId=S1mme_176 : S1mme link 176 (10.43.14.97ENB NAME: eNB186 PLMN ID: 404-99f ENB ID: 193) intf name S1MME_1 is Disabled;,communicationsAlarm,10.103.253.100,network:10.103.253.100:cmmInst,Indeterminate,false,N/A,2022/12/19 22:36:15 000 IST,1
2022/12/19 22:36:12 000 IST,billa,ltecmm.CMMInstance,cmmInst,CmmLSS_externalLinkDown,linkFailure,Major,In Service,LSS_externalLinkDown : ipds : billa-ipds0 : PoolType=IPDS:PoolId=0:Resource_type=mmeLink:LinkId=S1mme_258 : S1mme link 258 (10.41.211.133ENB NAME: BTS1034 PLMN ID: 404-99f ENB ID: 1004) intf name S1MME_1 is Disabled;,communicationsAlarm,10.103.253.100,network:10.103.253.100:cmmInst,Indeterminate,false,N/A,2022/12/19 22:36:12 000 IST,1
2022/12/18 08:51:29 000 IST,billa,ltecmm.CMMInstance,cmmInst,CmmLSS_pathAvailability,linkFailure,Major,In Service,"LSS_pathAvailability : ipds : billa-ipds0 : PoolType=IPDS:PoolId=0:Resource_type=mmeLink:LinkId=SBC_4 : SCTP PATH UNREACHABLE: RMT=SCTP-48311@192.168.122.1, LCL=SCTP-29168@10.103.226.53  path=10.103.226.53_192.168.122.1;",communicationsAlarm,10.103.253.100,network:10.103.253.100:cmmInst,Indeterminate,false,N/A,2022/12/18 08:51:29 000 IST,1
2022/12/18 08:47:41 000 IST,billa,ltecmm.CMMInstance,cmmInst,CmmLSS_pathAvailability,linkFailure,Major,In Service,"LSS_pathAvailability : ipds : billa-ipds0 : PoolType=IPDS:PoolId=0:Resource_type=mmeLink:LinkId=SBC_3 : SCTP PATH UNREACHABLE: RMT=SCTP-60108@10.8.3.118, LCL=SCTP-29168@10.103.226.53  path=10.103.226.53_10.8.3.118;",communicationsAlarm,10.103.253.100,network:10.103.253.100:cmmInst,Indeterminate,false,N/A,2022/12/18 08:47:41 000 IST,1
2022/12/14 13:11:14 000 IST,billa,ltecmm.CppsVNFCMember,"CPPS, Pool ID - 0, Member ID - 0",CmmLSS_cpiAttachFailures,thresholdCrossed,Critical,In Service,"LSS_cpiAttachFailures : pm : billa-necc1 : PoolType=CPPS:PoolId=0:PoolMemberId=0:CompId=PMCPI:Resource_type=cpiAttachFailures:UUID=94e83f91-8629-4b35-b3a1-6dc177bf1116 : Counts: VS.AttAttachRequests=104,VS.NbrSuccessAttachRequests=34 over previous 55 minutes (11 interval(s)) resulted in a failure rate of 67.3% above threshold=15%. See alarm documentation for this alarm for a description of these values and calculation.;",qualityOfServiceAlarm,10.103.253.100,network:10.103.253.100:cmmInst:cvnfc-cmmAgg-cpps-0-0,Indeterminate,false,N/A,2022/12/14 13:11:14 000 IST,1
2022/12/14 13:11:14 000 IST,billa,ltecmm.CppsVNFCMember,"CPPS, Pool ID - 0, Member ID - 0",CmmLSS_cpiAttachWithSGWreselection,thresholdCrossed,Minor,In Service,"LSS_cpiAttachWithSGWreselection : pm : billa-necc1 : PoolType=CPPS:PoolId=0:PoolMemberId=0:CompId=PMCPI:Resource_type=cpiAttachWithSGWreselection:UUID=94e83f91-8629-4b35-b3a1-6dc177bf1116 : Counts: VS.AttAttachRequests=104,VS.AttachSgwReselection=26 over previous 55 minutes (11 interval(s)) resulted in a failure rate of 25.0% above threshold=15%. See alarm documentation for this alarm for a description of these values and calculation.;",qualityOfServiceAlarm,10.103.253.100,network:10.103.253.100:cmmInst:cvnfc-cmmAgg-cpps-0-0,Indeterminate,false,N/A,2022/12/14 13:11:14 000 IST,1
2022/12/14 13:07:39 000 IST,billa,ltecmm.CMMInstance,cmmInst,CmmLSS_externalLinkDown,linkFailure,Major,In Service,LSS_externalLinkDown : ipds : billa-ipds0 : PoolType=IPDS:PoolId=0:Resource_type=mmeLink:LinkId=S1mme_271 : S1mme link 271 (10.58.212.17ENB NAME: 1 PLMN ID: 404-99f ENB ID: 42109) intf name S1MME_1 is Disabled;,communicationsAlarm,10.103.253.100,network:10.103.253.100:cmmInst,Indeterminate,false,N/A,2022/12/14 13:07:39 000 IST,1
2022/12/09 23:44:15 000 IST,billa,ltecmm.CMMInstance,cmmInst,CmmLSS_pathAvailability,linkFailure,Major,In Service,LSS_pathAvailability : ipds : billa-ipds0 : PoolType=IPDS:PoolId=0:Resource_type=mmeLink:LinkId=S1mme : Paths are down for this interface type: S1mme;,communicationsAlarm,10.103.253.100,network:10.103.253.100:cmmInst,Indeterminate,false,N/A,2022/12/09 23:44:15 000 IST,1
2022/12/08 14:44:49 000 IST,billa,ltecmm.CMMInstance,cmmInst,CmmLSS_externalLinkDown,linkFailure,Major,In Service,LSS_externalLinkDown : ipds : billa-ipds0 : PoolType=IPDS:PoolId=0:Resource_type=mmeLink:LinkId=S1mme_67 : S1mme link 67 (10.45.141.75ENB NAME: TL120 PLMN ID: 404-99f ENB ID: 3821) intf name S1MME_1 is Disabled;,communicationsAlarm,10.103.253.100,network:10.103.253.100:cmmInst,Indeterminate,false,N/A,2022/12/08 14:44:49 000 IST,1
2022/12/07 23:11:19 000 IST,billa,ltecmm.CMMInstance,cmmInst,CmmLSS_externalLinkDown,linkFailure,Major,In Service,LSS_externalLinkDown : ipds : billa-ipds0 : PoolType=IPDS:PoolId=0:Resource_type=mmeLink:LinkId=S1mme_192 : S1mme link 192 (10.41.211.209ENB NAME: Athulya PLMN ID: 404-99f ENB ID: 1080) intf name S1MME_3 is Disabled;,communicationsAlarm,10.103.253.100,network:10.103.253.100:cmmInst,Indeterminate,false,N/A,2022/12/07 23:11:19 000 IST,1
2022/12/07 23:11:18 000 IST,billa,ltecmm.CMMInstance,cmmInst,CmmLSS_externalLinkDown,linkFailure,Major,In Service,LSS_externalLinkDown : ipds : billa-ipds0 : PoolType=IPDS:PoolId=0:Resource_type=mmeLink:LinkId=S1mme_237 : S1mme link 237 (10.41.211.178ENB NAME: enb1049 PLMN ID: 404-99f ENB ID: 1049) intf name S1MME_3 is Disabled;,communicationsAlarm,10.103.253.100,network:10.103.253.100:cmmInst,Indeterminate,false,N/A,2022/12/07 23:11:18 000 IST,1
2022/12/07 23:11:15 000 IST,billa,ltecmm.CMMInstance,cmmInst,CmmLSS_externalLinkDown,linkFailure,Major,In Service,LSS_externalLinkDown : ipds : billa-ipds0 : PoolType=IPDS:PoolId=0:Resource_type=mmeLink:LinkId=S1mme_132 : S1mme link 132 (10.43.197.141ENB NAME: eNBlab1 PLMN ID: 404-99f ENB ID: 434) intf name S1MME_3 is Disabled;,communicationsAlarm,10.103.253.100,network:10.103.253.100:cmmInst,Indeterminate,false,N/A,2022/12/07 23:11:15 000 IST,1
2022/12/05 23:11:18 000 IST,billa,ltecmm.CMMInstance,cmmInst,CmmLSS_externalLinkDown,linkFailure,Major,In Service,LSS_externalLinkDown : ipds : billa-ipds0 : PoolType=IPDS:PoolId=0:Resource_type=mmeLink:LinkId=S1mme_275 : S1mme link 275 (10.45.156.67ENB NAME: MRBTS PLMN ID: 001-01f ENB ID: 3701) intf name S1MME_3 is Disabled;,communicationsAlarm,10.103.253.100,network:10.103.253.100:cmmInst,Indeterminate,false,N/A,2022/12/05 23:11:18 000 IST,1
2022/12/05 23:01:11 000 IST,billa,ltecmm.CMMInstance,cmmInst,CmmLSS_externalLinkDown,linkFailure,Major,In Service,LSS_externalLinkDown : ipds : billa-ipds0 : PoolType=IPDS:PoolId=0:Resource_type=mmeLink:LinkId=S1mme_177 : S1mme link 177 (10.41.211.201ENB NAME: LMSRTT1606-SRTessardscT PLMN ID: 404-99f ENB ID: 1072) intf name S1MME_3 is Disabled;,communicationsAlarm,10.103.253.100,network:10.103.253.100:cmmInst,Indeterminate,false,N/A,2022/12/05 23:01:11 000 IST,1
2022/12/05 22:40:10 000 IST,billa,ltecmm.CMMInstance,cmmInst,CmmLSS_externalLinkDown,linkFailure,Major,In Service,LSS_externalLinkDown : ipds : billa-ipds0 : PoolType=IPDS:PoolId=0:Resource_type=mmeLink:LinkId=S1mme_82 : S1mme link 82 (10.41.211.138ENB NAME: 1015 PLMN ID: 001-01f ENB ID: 5151) intf name S1MME_3 is Disabled;,communicationsAlarm,10.103.253.100,network:10.103.253.100:cmmInst,Indeterminate,false,N/A,2022/12/05 22:40:10 000 IST,1
2022/12/05 22:39:44 000 IST,billa,ltecmm.CMMInstance,cmmInst,CmmLSS_externalLinkDown,linkFailure,Major,In Service,LSS_externalLinkDown : ipds : billa-ipds0 : PoolType=IPDS:PoolId=0:Resource_type=mmeLink:LinkId=S1mme_168 : S1mme link 168 (10.41.211.139ENB NAME: BTS1016 PLMN ID: 001-01f ENB ID: 633) intf name S1MME_3 is Disabled;,communicationsAlarm,10.103.253.100,network:10.103.253.100:cmmInst,Indeterminate,false,N/A,2022/12/05 22:39:44 000 IST,1
2022/12/05 22:39:42 000 IST,billa,ltecmm.CMMInstance,cmmInst,CmmLSS_externalLinkDown,linkFailure,Major,In Service,LSS_externalLinkDown : ipds : billa-ipds0 : PoolType=IPDS:PoolId=0:Resource_type=mmeLink:LinkId=S1mme_212 : S1mme link 212 (10.53.203.36ENB NAME: TL452 PLMN ID: 404-99f ENB ID: 452) intf name S1MME_3 is Disabled;,communicationsAlarm,10.103.253.100,network:10.103.253.100:cmmInst,Indeterminate,false,N/A,2022/12/05 22:39:42 000 IST,1
2022/12/05 22:39:41 000 IST,billa,ltecmm.CMMInstance,cmmInst,CmmLSS_externalLinkDown,linkFailure,Major,In Service,LSS_externalLinkDown : ipds : billa-ipds0 : PoolType=IPDS:PoolId=0:Resource_type=mmeLink:LinkId=S1mme_124 : S1mme link 124 (10.58.239.4ENB NAME: IVlab PLMN ID: 404-99f ENB ID: 907) intf name S1MME_3 is Disabled;,communicationsAlarm,10.103.253.100,network:10.103.253.100:cmmInst,Indeterminate,false,N/A,2022/12/05 22:39:41 000 IST,1
2022/12/05 22:39:39 000 IST,billa,ltecmm.CMMInstance,cmmInst,CmmLSS_externalLinkDown,linkFailure,Major,In Service,LSS_externalLinkDown : ipds : billa-ipds0 : PoolType=IPDS:PoolId=0:Resource_type=mmeLink:LinkId=S1mme_206 : S1mme link 206 (10.53.203.199ENB NAME: BTS490 PLMN ID: 404-99f ENB ID: 490) intf name S1MME_3 is Disabled;,communicationsAlarm,10.103.253.100,network:10.103.253.100:cmmInst,Indeterminate,false,N/A,2022/12/05 22:39:39 000 IST,1
2022/12/05 22:39:38 000 IST,billa,ltecmm.CMMInstance,cmmInst,CmmLSS_externalLinkDown,linkFailure,Major,In Service,LSS_externalLinkDown : ipds : billa-ipds0 : PoolType=IPDS:PoolId=0:Resource_type=mmeLink:LinkId=S1mme_187 : S1mme link 187 (10.41.211.131ENB NAME: AirScale-2725 PLMN ID: 001-01f ENB ID: 5094) intf name S1MME_3 is Disabled;,communicationsAlarm,10.103.253.100,network:10.103.253.100:cmmInst,Indeterminate,false,N/A,2022/12/05 22:39:38 000 IST,1
2022/12/05 22:39:38 000 IST,billa,ltecmm.CMMInstance,cmmInst,CmmLSS_externalLinkDown,linkFailure,Major,In Service,LSS_externalLinkDown : ipds : billa-ipds0 : PoolType=IPDS:PoolId=0:Resource_type=mmeLink:LinkId=S1mme_238 : S1mme link 238 (10.41.211.170ENB NAME: Athulya PLMN ID: 404-99f ENB ID: 1041) intf name S1MME_3 is Disabled;,communicationsAlarm,10.103.253.100,network:10.103.253.100:cmmInst,Indeterminate,false,N/A,2022/12/05 22:39:38 000 IST,1
2022/12/05 22:39:37 000 IST,billa,ltecmm.CMMInstance,cmmInst,CmmLSS_externalLinkDown,linkFailure,Major,In Service,LSS_externalLinkDown : ipds : billa-ipds0 : PoolType=IPDS:PoolId=0:Resource_type=mmeLink:LinkId=S1mme_236 : S1mme link 236 (10.41.211.228ENB NAME: Athulya PLMN ID: 404-99f ENB ID: 1099) intf name S1MME_3 is Disabled;,communicationsAlarm,10.103.253.100,network:10.103.253.100:cmmInst,Indeterminate,false,N/A,2022/12/05 22:39:37 000 IST,1
2022/12/05 22:39:36 000 IST,billa,ltecmm.CMMInstance,cmmInst,CmmLSS_externalLinkDown,linkFailure,Major,In Service,LSS_externalLinkDown : ipds : billa-ipds0 : PoolType=IPDS:PoolId=0:Resource_type=mmeLink:LinkId=S1mme_140 : S1mme link 140 (10.41.211.250ENB NAME: IVlab PLMN ID: 404-99f ENB ID: 439) intf name S1MME_3 is Disabled;,communicationsAlarm,10.103.253.100,network:10.103.253.100:cmmInst,Indeterminate,false,N/A,2022/12/05 22:39:36 000 IST,1
2022/12/05 22:39:35 000 IST,billa,ltecmm.CMMInstance,cmmInst,CmmLSS_externalLinkDown,linkFailure,Major,In Service,LSS_externalLinkDown : ipds : billa-ipds0 : PoolType=IPDS:PoolId=0:Resource_type=mmeLink:LinkId=S1mme_211 : S1mme link 211 (10.41.211.251ENB NAME: Athulya PLMN ID: 404-99f ENB ID: 99999) intf name S1MME_3 is Disabled;,communicationsAlarm,10.103.253.100,network:10.103.253.100:cmmInst,Indeterminate,false,N/A,2022/12/05 22:39:35 000 IST,1
2022/12/05 22:39:32 000 IST,billa,ltecmm.CMMInstance,cmmInst,CmmLSS_externalLinkDown,linkFailure,Major,In Service,LSS_externalLinkDown : ipds : billa-ipds0 : PoolType=IPDS:PoolId=0:Resource_type=mmeLink:LinkId=S1mme_202 : S1mme link 202 (10.41.211.151ENB NAME: Athulya PLMN ID: 404-99f ENB ID: 88888) intf name S1MME_3 is Disabled;,communicationsAlarm,10.103.253.100,network:10.103.253.100:cmmInst,Indeterminate,false,N/A,2022/12/05 22:39:32 000 IST,1
2022/12/05 22:39:32 000 IST,billa,ltecmm.CMMInstance,cmmInst,CmmLSS_externalLinkDown,linkFailure,Major,In Service,LSS_externalLinkDown : ipds : billa-ipds0 : PoolType=IPDS:PoolId=0:Resource_type=mmeLink:LinkId=S1mme_96 : S1mme link 96 (10.53.203.210ENB NAME: ENB405 PLMN ID: 404-99f ENB ID: 405) intf name S1MME_3 is Disabled;,communicationsAlarm,10.103.253.100,network:10.103.253.100:cmmInst,Indeterminate,false,N/A,2022/12/05 22:39:32 000 IST,1
2022/12/05 22:39:31 000 IST,billa,ltecmm.CMMInstance,cmmInst,CmmLSS_externalLinkDown,linkFailure,Major,In Service,LSS_externalLinkDown : ipds : billa-ipds0 : PoolType=IPDS:PoolId=0:Resource_type=mmeLink:LinkId=S1mme_205 : S1mme link 205 (10.43.197.141ENB NAME: eNBlab1 PLMN ID: 404-99f ENB ID: 434) intf name S1MME_3 is Disabled;,communicationsAlarm,10.103.253.100,network:10.103.253.100:cmmInst,Indeterminate,false,N/A,2022/12/05 22:39:31 000 IST,1
2022/12/05 22:39:31 000 IST,billa,ltecmm.CMMInstance,cmmInst,CmmLSS_externalLinkDown,linkFailure,Major,In Service,LSS_externalLinkDown : ipds : billa-ipds0 : PoolType=IPDS:PoolId=0:Resource_type=mmeLink:LinkId=S1mme_198 : S1mme link 198 (10.41.211.220ENB NAME: enb1073 PLMN ID: 404-99f ENB ID: 92) intf name S1MME_3 is Disabled;,communicationsAlarm,10.103.253.100,network:10.103.253.100:cmmInst,Indeterminate,false,N/A,2022/12/05 22:39:31 000 IST,1
2022/12/05 22:39:27 000 IST,billa,ltecmm.CMMInstance,cmmInst,CmmLSS_externalLinkDown,linkFailure,Major,In Service,LSS_externalLinkDown : ipds : billa-ipds0 : PoolType=IPDS:PoolId=0:Resource_type=mmeLink:LinkId=S1mme_200 : S1mme link 200 (10.43.197.153ENB NAME: TL300100 PLMN ID: 310-10f ENB ID: 300100) intf name S1MME_3 is Disabled;,communicationsAlarm,10.103.253.100,network:10.103.253.100:cmmInst,Indeterminate,false,N/A,2022/12/05 22:39:27 000 IST,1
2022/12/05 22:39:24 000 IST,billa,ltecmm.CMMInstance,cmmInst,CmmLSS_externalLinkDown,linkFailure,Major,In Service,LSS_externalLinkDown : ipds : billa-ipds0 : PoolType=IPDS:PoolId=0:Resource_type=mmeLink:LinkId=S1mme_137 : S1mme link 137 (10.58.239.173ENB NAME: IVlab PLMN ID: 001-01f ENB ID: 988) intf name S1MME_3 is Disabled;,communicationsAlarm,10.103.253.100,network:10.103.253.100:cmmInst,Indeterminate,false,N/A,2022/12/05 22:39:24 000 IST,1
2022/12/05 22:39:23 000 IST,billa,ltecmm.CMMInstance,cmmInst,CmmLSS_externalLinkDown,linkFailure,Major,In Service,LSS_externalLinkDown : ipds : billa-ipds0 : PoolType=IPDS:PoolId=0:Resource_type=mmeLink:LinkId=S1mme_228 : S1mme link 228 (10.53.203.202ENB NAME: TL300014 PLMN ID: 310-10f ENB ID: 300014) intf name S1MME_3 is Disabled;,communicationsAlarm,10.103.253.100,network:10.103.253.100:cmmInst,Indeterminate,false,N/A,2022/12/05 22:39:23 000 IST,1
2022/12/05 22:39:20 000 IST,billa,ltecmm.CMMInstance,cmmInst,CmmLSS_externalLinkDown,linkFailure,Major,In Service,LSS_externalLinkDown : ipds : billa-ipds0 : PoolType=IPDS:PoolId=0:Resource_type=mmeLink:LinkId=S1mme_222 : S1mme link 222 (10.41.211.209ENB NAME: Athulya PLMN ID: 404-99f ENB ID: 1080) intf name S1MME_3 is Disabled;,communicationsAlarm,10.103.253.100,network:10.103.253.100:cmmInst,Indeterminate,false,N/A,2022/12/05 22:39:20 000 IST,1
2022/12/05 22:39:19 000 IST,billa,ltecmm.CMMInstance,cmmInst,CmmLSS_externalLinkDown,linkFailure,Major,In Service,LSS_externalLinkDown : ipds : billa-ipds0 : PoolType=IPDS:PoolId=0:Resource_type=mmeLink:LinkId=S1mme_240 : S1mme link 240 (10.43.197.145ENB NAME: eNBlab1 PLMN ID: 404-99f ENB ID: 435) intf name S1MME_3 is Disabled;,communicationsAlarm,10.103.253.100,network:10.103.253.100:cmmInst,Indeterminate,false,N/A,2022/12/05 22:39:19 000 IST,1
2022/12/05 22:39:19 000 IST,billa,ltecmm.CMMInstance,cmmInst,CmmLSS_externalLinkDown,linkFailure,Major,In Service,LSS_externalLinkDown : ipds : billa-ipds0 : PoolType=IPDS:PoolId=0:Resource_type=mmeLink:LinkId=S1mme_289 : S1mme link 289 (10.41.211.221ENB NAME: Athulya PLMN ID: 404-99f ENB ID: 1092) intf name S1MME_3 is Disabled;,communicationsAlarm,10.103.253.100,network:10.103.253.100:cmmInst,Indeterminate,false,N/A,2022/12/05 22:39:19 000 IST,1
2022/12/05 22:39:19 000 IST,billa,ltecmm.CMMInstance,cmmInst,CmmLSS_externalLinkDown,linkFailure,Major,In Service,LSS_externalLinkDown : ipds : billa-ipds0 : PoolType=IPDS:PoolId=0:Resource_type=mmeLink:LinkId=S1mme_11 : S1mme link 11 (10.58.239.192ENB NAME: IVlab PLMN ID: 404-99f ENB ID: 1026) intf name S1MME_3 is Disabled;,communicationsAlarm,10.103.253.100,network:10.103.253.100:cmmInst,Indeterminate,false,N/A,2022/12/05 22:39:19 000 IST,1
2022/12/05 22:39:17 000 IST,billa,ltecmm.CMMInstance,cmmInst,CmmLSS_externalLinkDown,linkFailure,Major,In Service,LSS_externalLinkDown : ipds : billa-ipds0 : PoolType=IPDS:PoolId=0:Resource_type=mmeLink:LinkId=S1mme_218 : S1mme link 218 (10.43.197.139ENB NAME: eNBlab1 PLMN ID: 404-99f ENB ID: 427) intf name S1MME_3 is Disabled;,communicationsAlarm,10.103.253.100,network:10.103.253.100:cmmInst,Indeterminate,false,N/A,2022/12/05 22:39:17 000 IST,1
2022/12/05 22:39:17 000 IST,billa,ltecmm.CMMInstance,cmmInst,CmmLSS_externalLinkDown,linkFailure,Major,In Service,LSS_externalLinkDown : ipds : billa-ipds0 : PoolType=IPDS:PoolId=0:Resource_type=mmeLink:LinkId=S1mme_68 : S1mme link 68 (10.43.197.146ENB NAME: TL441 PLMN ID: 520-05f ENB ID: 441) intf name S1MME_3 is Disabled;,communicationsAlarm,10.103.253.100,network:10.103.253.100:cmmInst,Indeterminate,false,N/A,2022/12/05 22:39:17 000 IST,1
2022/12/05 22:39:17 000 IST,billa,ltecmm.CMMInstance,cmmInst,CmmLSS_externalLinkDown,linkFailure,Major,In Service,LSS_externalLinkDown : ipds : billa-ipds0 : PoolType=IPDS:PoolId=0:Resource_type=mmeLink:LinkId=S1mme_176 : S1mme link 176 (10.58.239.119ENB NAME: TL259 PLMN ID: 001-01f ENB ID: 1110) intf name S1MME_3 is Disabled;,communicationsAlarm,10.103.253.100,network:10.103.253.100:cmmInst,Indeterminate,false,N/A,2022/12/05 22:39:17 000 IST,1
2022/12/05 22:39:16 000 IST,billa,ltecmm.CMMInstance,cmmInst,CmmLSS_externalLinkDown,linkFailure,Major,In Service,LSS_externalLinkDown : ipds : billa-ipds0 : PoolType=IPDS:PoolId=0:Resource_type=mmeLink:LinkId=S1mme_244 : S1mme link 244 (10.53.203.201ENB NAME: TL470 PLMN ID: 404-99f ENB ID: 470) intf name S1MME_3 is Disabled;,communicationsAlarm,10.103.253.100,network:10.103.253.100:cmmInst,Indeterminate,false,N/A,2022/12/05 22:39:16 000 IST,1
2022/12/05 22:39:12 000 IST,billa,ltecmm.CMMInstance,cmmInst,CmmLSS_externalLinkDown,linkFailure,Major,In Service,LSS_externalLinkDown : ipds : billa-ipds0 : PoolType=IPDS:PoolId=0:Resource_type=mmeLink:LinkId=S1mme_215 : S1mme link 215 (10.41.211.196ENB NAME: enb448 PLMN ID: 404-99f ENB ID: 140) intf name S1MME_3 is Disabled;,communicationsAlarm,10.103.253.100,network:10.103.253.100:cmmInst,Indeterminate,false,N/A,2022/12/05 22:39:12 000 IST,1
2022/12/05 22:36:40 000 IST,billa,ltecmm.CMMInstance,cmmInst,CmmLSS_externalLinkDown,linkFailure,Major,In Service,LSS_externalLinkDown : ipds : billa-ipds0 : PoolType=IPDS:PoolId=0:Resource_type=mmeLink:LinkId=S1mme_237 : S1mme link 237 (10.43.14.155ENB NAME: eNB187 PLMN ID: 404-99f ENB ID: 192) intf name S1MME_1 is Disabled;,communicationsAlarm,10.103.253.100,network:10.103.253.100:cmmInst,Indeterminate,false,N/A,2022/12/05 22:36:40 000 IST,1
2022/12/05 22:36:39 000 IST,billa,ltecmm.CMMInstance,cmmInst,CmmLSS_externalLinkDown,linkFailure,Major,In Service,LSS_externalLinkDown : ipds : billa-ipds0 : PoolType=IPDS:PoolId=0:Resource_type=mmeLink:LinkId=S1mme_115 : S1mme link 115 (10.58.239.70ENB NAME: IVlab PLMN ID: 001-01f ENB ID: 7301) intf name S1MME_1 is Disabled;,communicationsAlarm,10.103.253.100,network:10.103.253.100:cmmInst,Indeterminate,false,N/A,2022/12/05 22:36:39 000 IST,1
2022/12/05 22:36:39 000 IST,billa,ltecmm.CMMInstance,cmmInst,CmmLSS_externalLinkDown,linkFailure,Major,In Service,LSS_externalLinkDown : ipds : billa-ipds0 : PoolType=IPDS:PoolId=0:Resource_type=mmeLink:LinkId=S1mme_99 : S1mme link 99 (10.58.239.69ENB NAME: CustometConfig1051 PLMN ID: 001-01f ENB ID: 1037) intf name S1MME_1 is Disabled;,communicationsAlarm,10.103.253.100,network:10.103.253.100:cmmInst,Indeterminate,false,N/A,2022/12/05 22:36:39 000 IST,1
2022/12/05 22:36:37 000 IST,billa,ltecmm.CMMInstance,cmmInst,CmmLSS_externalLinkDown,linkFailure,Major,In Service,LSS_externalLinkDown : ipds : billa-ipds0 : PoolType=IPDS:PoolId=0:Resource_type=mmeLink:LinkId=S1mme_203 : S1mme link 203 (10.41.211.167ENB NAME: 1009NSA PLMN ID: 404-99f ENB ID: 1076) intf name S1MME_1 is Disabled;,communicationsAlarm,10.103.253.100,network:10.103.253.100:cmmInst,Indeterminate,false,N/A,2022/12/05 22:36:37 000 IST,1
2022/12/05 22:36:35 000 IST,billa,ltecmm.CMMInstance,cmmInst,CmmLSS_externalLinkDown,linkFailure,Major,In Service,LSS_externalLinkDown : ipds : billa-ipds0 : PoolType=IPDS:PoolId=0:Resource_type=mmeLink:LinkId=S1mme_227 : S1mme link 227 (10.41.211.144ENB NAME: SBTS1106 PLMN ID: 404-99f ENB ID: 1015) intf name S1MME_1 is Disabled;,communicationsAlarm,10.103.253.100,network:10.103.253.100:cmmInst,Indeterminate,false,N/A,2022/12/05 22:36:35 000 IST,1
2022/12/05 22:36:34 000 IST,billa,ltecmm.CMMInstance,cmmInst,CmmLSS_externalLinkDown,linkFailure,Major,In Service,LSS_externalLinkDown : ipds : billa-ipds0 : PoolType=IPDS:PoolId=0:Resource_type=mmeLink:LinkId=S1mme_66 : S1mme link 66 (10.43.14.109ENB NAME: SBTS1952 PLMN ID: 404-99f ENB ID: 194) intf name S1MME_1 is Disabled;,communicationsAlarm,10.103.253.100,network:10.103.253.100:cmmInst,Indeterminate,false,N/A,2022/12/05 22:36:34 000 IST,1
2022/12/05 22:36:32 000 IST,billa,ltecmm.CMMInstance,cmmInst,CmmLSS_externalLinkDown,linkFailure,Major,In Service,LSS_externalLinkDown : ipds : billa-ipds0 : PoolType=IPDS:PoolId=0:Resource_type=mmeLink:LinkId=S1mme_160 : S1mme link 160 (10.41.175.201ENB NAME: MTBTS-1208 PLMN ID: 404-99f ENB ID: 1208) intf name S1MME_1 is Disabled;,communicationsAlarm,10.103.253.100,network:10.103.253.100:cmmInst,Indeterminate,false,N/A,2022/12/05 22:36:32 000 IST,1
2022/12/05 22:36:31 000 IST,billa,ltecmm.CMMInstance,cmmInst,CmmLSS_externalLinkDown,linkFailure,Major,In Service,LSS_externalLinkDown : ipds : billa-ipds0 : PoolType=IPDS:PoolId=0:Resource_type=mmeLink:LinkId=S1mme_58 : S1mme link 58 (10.58.239.196ENB NAME: IVlab PLMN ID: 404-99f ENB ID: 1034) intf name S1MME_1 is Disabled;,communicationsAlarm,10.103.253.100,network:10.103.253.100:cmmInst,Indeterminate,false,N/A,2022/12/05 22:36:31 000 IST,1
2022/12/05 22:36:24 000 IST,billa,ltecmm.CMMInstance,cmmInst,CmmLSS_externalLinkDown,linkFailure,Major,In Service,LSS_externalLinkDown : ipds : billa-ipds0 : PoolType=IPDS:PoolId=0:Resource_type=mmeLink:LinkId=S1mme_143 : S1mme link 143 (10.41.211.177ENB NAME: enb137 PLMN ID: 404-99f ENB ID: 133) intf name S1MME_1 is Disabled;,communicationsAlarm,10.103.253.100,network:10.103.253.100:cmmInst,Indeterminate,false,N/A,2022/12/05 22:36:24 000 IST,1
2022/12/05 22:36:22 000 IST,billa,ltecmm.CMMInstance,cmmInst,CmmLSS_externalLinkDown,linkFailure,Major,In Service,LSS_externalLinkDown : ipds : billa-ipds0 : PoolType=IPDS:PoolId=0:Resource_type=mmeLink:LinkId=S1mme_146 : S1mme link 146 (10.58.239.146ENB NAME: IVlab PLMN ID: 404-99f ENB ID: 934) intf name S1MME_1 is Disabled;,communicationsAlarm,10.103.253.100,network:10.103.253.100:cmmInst,Indeterminate,false,N/A,2022/12/05 22:36:22 000 IST,1
2022/12/05 22:36:20 000 IST,billa,ltecmm.CMMInstance,cmmInst,CmmLSS_externalLinkDown,linkFailure,Major,In Service,LSS_externalLinkDown : ipds : billa-ipds0 : PoolType=IPDS:PoolId=0:Resource_type=mmeLink:LinkId=S1mme_150 : S1mme link 150 (10.58.239.22ENB NAME: IVlab PLMN ID: 001-01f ENB ID: 943) intf name S1MME_1 is Disabled;,communicationsAlarm,10.103.253.100,network:10.103.253.100:cmmInst,Indeterminate,false,N/A,2022/12/05 22:36:20 000 IST,1
2022/12/05 22:36:19 000 IST,billa,ltecmm.CMMInstance,cmmInst,CmmLSS_externalLinkDown,linkFailure,Major,In Service,LSS_externalLinkDown : ipds : billa-ipds0 : PoolType=IPDS:PoolId=0:Resource_type=mmeLink:LinkId=S1mme_132 : S1mme link 132 (10.58.239.175ENB NAME: IVlab PLMN ID: 404-99f ENB ID: 992) intf name S1MME_1 is Disabled;,communicationsAlarm,10.103.253.100,network:10.103.253.100:cmmInst,Indeterminate,false,N/A,2022/12/05 22:36:19 000 IST,1
2022/12/05 22:36:14 000 IST,billa,ltecmm.CMMInstance,cmmInst,CmmLSS_externalLinkDown,linkFailure,Major,In Service,LSS_externalLinkDown : ipds : billa-ipds0 : PoolType=IPDS:PoolId=0:Resource_type=mmeLink:LinkId=S1mme_172 : S1mme link 172 (10.41.211.165ENB NAME: Athulya PLMN ID: 404-99f ENB ID: 1036) intf name S1MME_1 is Disabled;,communicationsAlarm,10.103.253.100,network:10.103.253.100:cmmInst,Indeterminate,false,N/A,2022/12/05 22:36:14 000 IST,1
2022/12/05 22:36:11 000 IST,billa,ltecmm.CMMInstance,cmmInst,CmmLSS_externalLinkDown,linkFailure,Major,In Service,LSS_externalLinkDown : ipds : billa-ipds0 : PoolType=IPDS:PoolId=0:Resource_type=mmeLink:LinkId=S1mme_258 : S1mme link 258 (10.41.227.33ENB NAME: SBTS10107 PLMN ID: 404-99f ENB ID: 1310) intf name S1MME_1 is Disabled;,communicationsAlarm,10.103.253.100,network:10.103.253.100:cmmInst,Indeterminate,false,N/A,2022/12/05 22:36:11 000 IST,1
2022/12/05 22:36:10 000 IST,billa,ltecmm.CMMInstance,cmmInst,CmmLSS_externalLinkDown,linkFailure,Major,In Service,LSS_externalLinkDown : ipds : billa-ipds0 : PoolType=IPDS:PoolId=0:Resource_type=mmeLink:LinkId=S1mme_133 : S1mme link 133 (10.58.239.46ENB NAME: IVlab PLMN ID: 001-01f ENB ID: 991) intf name S1MME_1 is Disabled;,communicationsAlarm,10.103.253.100,network:10.103.253.100:cmmInst,Indeterminate,false,N/A,2022/12/05 22:36:10 000 IST,1
2022/12/05 22:36:08 000 IST,billa,ltecmm.CMMInstance,cmmInst,CmmLSS_externalLinkDown,linkFailure,Major,In Service,LSS_externalLinkDown : ipds : billa-ipds0 : PoolType=IPDS:PoolId=0:Resource_type=mmeLink:LinkId=S1mme_13 : S1mme link 13 (10.58.239.148ENB NAME: IVlab PLMN ID: 001-01f ENB ID: 938) intf name S1MME_1 is Disabled;,communicationsAlarm,10.103.253.100,network:10.103.253.100:cmmInst,Indeterminate,false,N/A,2022/12/05 22:36:08 000 IST,1
2022/12/05 22:36:02 000 IST,billa,ltecmm.CMMInstance,cmmInst,CmmLSS_externalLinkDown,linkFailure,Major,In Service,LSS_externalLinkDown : ipds : billa-ipds0 : PoolType=IPDS:PoolId=0:Resource_type=mmeLink:LinkId=S1mme_192 : S1mme link 192 (10.41.211.133ENB NAME: BTS1034 PLMN ID: 404-99f ENB ID: 1004) intf name S1MME_1 is Disabled;,communicationsAlarm,10.103.253.100,network:10.103.253.100:cmmInst,Indeterminate,false,N/A,2022/12/05 22:36:02 000 IST,1
2022/12/05 22:36:02 000 IST,billa,ltecmm.CMMInstance,cmmInst,CmmLSS_externalLinkDown,linkFailure,Major,In Service,LSS_externalLinkDown : ipds : billa-ipds0 : PoolType=IPDS:PoolId=0:Resource_type=mmeLink:LinkId=S1mme_131 : S1mme link 131 (10.58.239.176ENB NAME: IVlab PLMN ID: 404-99f ENB ID: 994) intf name S1MME_1 is Disabled;,communicationsAlarm,10.103.253.100,network:10.103.253.100:cmmInst,Indeterminate,false,N/A,2022/12/05 22:36:02 000 IST,1
2022/12/05 22:36:01 000 IST,billa,ltecmm.CMMInstance,cmmInst,CmmLSS_externalLinkDown,linkFailure,Major,In Service,LSS_externalLinkDown : ipds : billa-ipds0 : PoolType=IPDS:PoolId=0:Resource_type=mmeLink:LinkId=S1mme_130 : S1mme link 130 (10.58.239.191ENB NAME: IVlab PLMN ID: 001-01f ENB ID: 1024) intf name S1MME_1 is Disabled;,communicationsAlarm,10.103.253.100,network:10.103.253.100:cmmInst,Indeterminate,false,N/A,2022/12/05 22:36:01 000 IST,1
2022/12/05 22:35:50 000 IST,billa,ltecmm.CMMInstance,cmmInst,CmmLSS_externalLinkDown,linkFailure,Major,In Service,LSS_externalLinkDown : ipds : billa-ipds0 : PoolType=IPDS:PoolId=0:Resource_type=mmeLink:LinkId=S1mme_141 : S1mme link 141 (10.58.239.29ENB NAME: IVlab PLMN ID: 001-01f ENB ID: 677) intf name S1MME_1 is Disabled;,communicationsAlarm,10.103.253.100,network:10.103.253.100:cmmInst,Indeterminate,false,N/A,2022/12/05 22:35:50 000 IST,1
2022/12/05 22:35:46 000 IST,billa,ltecmm.CMMInstance,cmmInst,CmmLSS_externalLinkDown,linkFailure,Major,In Service,LSS_externalLinkDown : ipds : billa-ipds0 : PoolType=IPDS:PoolId=0:Resource_type=mmeLink:LinkId=S1mme_171 : S1mme link 171 (10.41.211.140ENB NAME: BTS1034 PLMN ID: 404-99f ENB ID: 1040) intf name S1MME_1 is Disabled;,communicationsAlarm,10.103.253.100,network:10.103.253.100:cmmInst,Indeterminate,false,N/A,2022/12/05 22:35:46 000 IST,1
2022/12/05 22:35:45 000 IST,billa,ltecmm.CMMInstance,cmmInst,CmmLSS_externalLinkDown,linkFailure,Major,In Service,LSS_externalLinkDown : ipds : billa-ipds0 : PoolType=IPDS:PoolId=0:Resource_type=mmeLink:LinkId=S1mme_117 : S1mme link 117 (10.58.239.195ENB NAME: IVlab PLMN ID: 404-99f ENB ID: 1100) intf name S1MME_1 is Disabled;,communicationsAlarm,10.103.253.100,network:10.103.253.100:cmmInst,Indeterminate,false,N/A,2022/12/05 22:35:45 000 IST,1
2022/12/05 22:35:45 000 IST,billa,ltecmm.CMMInstance,cmmInst,CmmLSS_externalLinkDown,linkFailure,Major,In Service,LSS_externalLinkDown : ipds : billa-ipds0 : PoolType=IPDS:PoolId=0:Resource_type=mmeLink:LinkId=S1mme_265 : S1mme link 265 (10.41.227.47ENB NAME: AirScale-2725 PLMN ID: 404-99f ENB ID: 3005) intf name S1MME_1 is Disabled;,communicationsAlarm,10.103.253.100,network:10.103.253.100:cmmInst,Indeterminate,false,N/A,2022/12/05 22:35:45 000 IST,1
2022/12/05 22:35:43 000 IST,billa,ltecmm.CMMInstance,cmmInst,CmmLSS_externalLinkDown,linkFailure,Major,In Service,LSS_externalLinkDown : ipds : billa-ipds0 : PoolType=IPDS:PoolId=0:Resource_type=mmeLink:LinkId=S1mme_173 : S1mme link 173 (10.41.211.216ENB NAME: EUE-FD15-MJC02 PLMN ID: 404-99f ENB ID: 1087) intf name S1MME_1 is Disabled;,communicationsAlarm,10.103.253.100,network:10.103.253.100:cmmInst,Indeterminate,false,N/A,2022/12/05 22:35:43 000 IST,1
2022/12/05 22:35:42 000 IST,billa,ltecmm.CMMInstance,cmmInst,CmmLSS_externalLinkDown,linkFailure,Major,In Service,LSS_externalLinkDown : ipds : billa-ipds0 : PoolType=IPDS:PoolId=0:Resource_type=mmeLink:LinkId=S1mme_191 : S1mme link 191 (10.41.211.12ENB NAME: eNBlab1 PLMN ID: 404-99f ENB ID: 1011) intf name S1MME_1 is Disabled;,communicationsAlarm,10.103.253.100,network:10.103.253.100:cmmInst,Indeterminate,false,N/A,2022/12/05 22:35:42 000 IST,1
2022/12/05 22:35:41 000 IST,billa,ltecmm.CMMInstance,cmmInst,CmmLSS_externalLinkDown,linkFailure,Major,In Service,LSS_externalLinkDown : ipds : billa-ipds0 : PoolType=IPDS:PoolId=0:Resource_type=mmeLink:LinkId=S1mme_232 : S1mme link 232 (10.43.14.97ENB NAME: eNB186 PLMN ID: 404-99f ENB ID: 193) intf name S1MME_1 is Disabled;,communicationsAlarm,10.103.253.100,network:10.103.253.100:cmmInst,Indeterminate,false,N/A,2022/12/05 22:35:41 000 IST,1
2022/12/05 22:34:00 000 IST,billa,ltecmm.CMMInstance,cmmInst,CmmLSS_externalLinkDown,linkFailure,Major,In Service,LSS_externalLinkDown : ipds : billa-ipds0 : PoolType=IPDS:PoolId=0:Resource_type=mmeLink:LinkId=S1mme_9 : S1mme link 9 (10.58.239.199ENB NAME: IVlab PLMN ID: 001-01f ENB ID: 1040) intf name S1MME_1 is Disabled;,communicationsAlarm,10.103.253.100,network:10.103.253.100:cmmInst,Indeterminate,false,N/A,2022/12/05 22:34:00 000 IST,1
2022/12/05 22:33:46 000 IST,billa,ltecmm.CMMInstance,cmmInst,CmmLSS_externalLinkDown,linkFailure,Major,In Service,LSS_externalLinkDown : ipds : billa-ipds0 : PoolType=IPDS:PoolId=0:Resource_type=mmeLink:LinkId=S1mme_254 : S1mme link 254 (10.41.211.222ENB NAME: MUMNIRMANTODTDLTE PLMN ID: 404-99f ENB ID: 1093) intf name S1MME_1 is Disabled;,communicationsAlarm,10.103.253.100,network:10.103.253.100:cmmInst,Indeterminate,false,N/A,2022/12/05 22:33:46 000 IST,1
2022/12/05 22:33:43 000 IST,billa,ltecmm.CMMInstance,cmmInst,CmmLSS_externalLinkDown,linkFailure,Major,In Service,LSS_externalLinkDown : ipds : billa-ipds0 : PoolType=IPDS:PoolId=0:Resource_type=mmeLink:LinkId=S1mme_73 : S1mme link 73 (10.41.227.31ENB NAME: SBTS-504-TL1 PLMN ID: 404-99f ENB ID: 1054) intf name S1MME_1 is Disabled;,communicationsAlarm,10.103.253.100,network:10.103.253.100:cmmInst,Indeterminate,false,N/A,2022/12/05 22:33:43 000 IST,1
2022/12/05 22:24:20 000 IST,billa,ltecmm.CMMInstance,cmmInst,CmmLSS_externalLinkDown,linkFailure,Major,In Service,LSS_externalLinkDown : ipds : billa-ipds0 : PoolType=IPDS:PoolId=0:Resource_type=mmeLink:LinkId=S1mme_48 : S1mme link 48 (10.58.239.197ENB NAME: IVlab PLMN ID: 404-99f ENB ID: 1122) intf name S1MME_1 is Disabled;,communicationsAlarm,10.103.253.100,network:10.103.253.100:cmmInst,Indeterminate,false,N/A,2022/12/05 22:24:20 000 IST,1
2022/11/30 12:45:47 000 IST,billa,ltecmm.CMMInstance,cmmInst,CmmLSS_externalLinkDown,linkFailure,Major,In Service,LSS_externalLinkDown : ipds : billa-ipds0 : PoolType=IPDS:PoolId=0:Resource_type=mmeLink:LinkId=S1mme_300 : S1mme link 300 (2a00:8a00:a000:1104::396eENB NAME: Ironhide eNB1 PLMN ID: 001-01f ENB ID: 3612) intf name S1MME_1 is Disabled;,communicationsAlarm,10.103.253.100,network:10.103.253.100:cmmInst,Indeterminate,false,N/A,2022/11/30 12:45:47 000 IST,1
2022/11/30 12:02:14 000 IST,billa,ltecmm.CMMInstance,cmmInst,CmmLSS_externalLinkDown,linkFailure,Major,In Service,LSS_externalLinkDown : ipds : billa-ipds0 : PoolType=IPDS:PoolId=0:Resource_type=mmeLink:LinkId=S1mme_29 : S1mme link 29 (10.71.240.41ENB NAME: 1 PLMN ID: 404-99f ENB ID: 2038) intf name S1MME_3 is Disabled;,communicationsAlarm,10.103.253.100,network:10.103.253.100:cmmInst,Indeterminate,false,N/A,2022/11/30 12:02:14 000 IST,1
2022/11/29 18:56:13 000 IST,billa,ltecmm.CppsVNFCMember,"CPPS, Pool ID - 0, Member ID - 0",CmmLSS_cpiAttachWithSGWreselection,thresholdCrossed,Major,In Service,"LSS_cpiAttachWithSGWreselection : pm : billa-necc1 : PoolType=CPPS:PoolId=0:PoolMemberId=0:CompId=PMCPI:Resource_type=cpiAttachWithSGWreselection:UUID=94e83f91-8629-4b35-b3a1-6dc177bf1116 : Counts: VS.AttAttachRequests=113,VS.AttachSgwReselection=56 over previous 55 minutes (11 interval(s)) resulted in a failure rate of 49.5% above threshold=30%. See alarm documentation for this alarm for a description of these values and calculation.;",qualityOfServiceAlarm,10.103.253.100,network:10.103.253.100:cmmInst:cvnfc-cmmAgg-cpps-0-0,Indeterminate,false,N/A,2022/11/29 18:56:13 000 IST,1
2022/11/29 18:56:13 000 IST,billa,ltecmm.CppsVNFCMember,"CPPS, Pool ID - 1, Member ID - 0",CmmLSS_cpiTauFailures,thresholdCrossed,Minor,In Service,"LSS_cpiTauFailures : pm : billa-necc1 : PoolType=CPPS:PoolId=1:PoolMemberId=0:CompId=PMCPI:Resource_type=cpiTauFailures:UUID=48f0d6c1-639a-41a5-81c3-91ed9324729a : Counts: VS.AttTAU=108,VS.NbrSuccessTAU=102 over previous 35 minutes (7 interval(s)) resulted in a failure rate of 5.5% above threshold=5%. See alarm documentation for this alarm for a description of these values and calculation.;",qualityOfServiceAlarm,10.103.253.100,network:10.103.253.100:cmmInst:cvnfc-cmmAgg-cpps-1-0,Indeterminate,false,N/A,2022/11/29 18:56:13 000 IST,1
2022/11/24 17:31:05 373 IST,billa,netw.NetworkElement,billa,MediationAuthenticationFailure,notInTimeWindow,Warning,In Service,Router ID = 10.103.253.100;Management IP = 10.103.253.100;,communicationsAlarm,10.103.253.100,network:10.103.253.100,Indeterminate,false,N/A,2022/11/24 17:31:05 373 IST,1
2022/11/24 17:06:39 000 IST,billa,ltecmm.CMMInstance,cmmInst,CmmLSS_externalLinkDown,linkFailure,Major,In Service,LSS_externalLinkDown : ipds : billa-ipds0 : PoolType=IPDS:PoolId=0:Resource_type=mmeLink:LinkId=S1mme_48 : S1mme link 48 (10.45.142.254ENB NAME: AirScale-3288 PLMN ID: 404-99f ENB ID: 3383) intf name S1MME_1 is Disabled;,communicationsAlarm,10.103.253.100,network:10.103.253.100:cmmInst,Indeterminate,false,N/A,2022/11/24 17:06:39 000 IST,1
2022/11/24 17:06:14 000 IST,billa,ltecmm.VNFCMember,"IPDS, Pool ID - 0, Member ID - 0",CmmLSS_cpiGTPcResponseTO_S11,thresholdCrossed,Major,In Service,"LSS_cpiGTPcResponseTO_S11 : pm : billa-necc1 : PoolType=IPDS:PoolId=0:PoolMemberId=0:CompId=PMCPI:Resource_type=cpiGTPcResponseTO_S11:UUID=cdfd0b7e-3690-4b83-86e9-b0e6efcc9b14 : Counts: VS.TotalReqSent_S11gtpc=112,VS.NbrTO_S11gtpc=7 over previous 5 minutes (1 interval(s)) resulted in a failure rate of 6.2% above threshold=5%. See alarm documentation for this alarm for a description of these values and calculation.;",qualityOfServiceAlarm,10.103.253.100,network:10.103.253.100:cmmInst:vnfc-cmmAgg-ipds-0-0,Indeterminate,false,N/A,2022/11/24 17:06:14 000 IST,1
2022/11/24 17:06:04 000 IST,billa,ltecmm.CMMInstance,cmmInst,CmmLSS_externalLinkDown,linkFailure,Major,In Service,LSS_externalLinkDown : ipds : billa-ipds0 : PoolType=IPDS:PoolId=0:Resource_type=mmeLink:LinkId=S1mme_235 : S1mme link 235 (10.13.84.65PLMN ID: 001-01f ENB ID: 8110) intf name S1MME_3 is Disabled;,communicationsAlarm,10.103.253.100,network:10.103.253.100:cmmInst,Indeterminate,false,N/A,2022/11/24 17:06:04 000 IST,1
2022/11/24 17:05:58 000 IST,billa,ltecmm.CMMInstance,cmmInst,CmmLSS_externalLinkDown,linkFailure,Major,In Service,LSS_externalLinkDown : ipds : billa-ipds0 : PoolType=IPDS:PoolId=0:Resource_type=mmeLink:LinkId=S1mme_69 : S1mme link 69 (10.13.84.65PLMN ID: 001-01f ENB ID: 8111) intf name S1MME_3 is Disabled;,communicationsAlarm,10.103.253.100,network:10.103.253.100:cmmInst,Indeterminate,false,N/A,2022/11/24 17:05:58 000 IST,1
2022/11/24 17:01:19 000 IST,billa,ltecmm.CMMInstance,cmmInst,CmmLSS_externalLinkDown,linkFailure,Major,In Service,LSS_externalLinkDown : ipds : billa-ipds0 : PoolType=IPDS:PoolId=0:Resource_type=mmeLink:LinkId=S1mme_145 : S1mme link 145 (10.41.211.165ENB NAME: Athulya PLMN ID: 404-99f ENB ID: 1036) intf name S1MME_1 is Disabled;,communicationsAlarm,10.103.253.100,network:10.103.253.100:cmmInst,Indeterminate,false,N/A,2022/11/24 17:01:19 000 IST,1
2022/11/24 16:56:58 000 IST,billa,ltecmm.CMMInstance,cmmInst,CmmLSS_externalLinkDown,linkFailure,Major,In Service,LSS_externalLinkDown : ipds : billa-ipds0 : PoolType=IPDS:PoolId=0:Resource_type=mmeLink:LinkId=S1mme_149 : S1mme link 149 (10.43.197.145ENB NAME: IAV-Blackout PLMN ID: 404-99f ENB ID: 435) intf name S1MME_3 is Disabled;,communicationsAlarm,10.103.253.100,network:10.103.253.100:cmmInst,Indeterminate,false,N/A,2022/11/24 16:56:58 000 IST,1
2022/11/24 16:56:28 000 IST,billa,ltecmm.CMMInstance,cmmInst,CmmLSS_externalLinkDown,linkFailure,Major,In Service,LSS_externalLinkDown : ipds : billa-ipds0 : PoolType=IPDS:PoolId=0:Resource_type=mmeLink:LinkId=S1mme_87 : S1mme link 87 (10.71.240.86ENB NAME: MRBTS PLMN ID: 404-99f ENB ID: 201) intf name S1MME_3 is Disabled;,communicationsAlarm,10.103.253.100,network:10.103.253.100:cmmInst,Indeterminate,false,N/A,2022/11/24 16:56:28 000 IST,1
2022/11/24 16:51:14 000 IST,billa,ltecmm.CppsVNFCMember,"CPPS, Pool ID - 1, Member ID - 0",CmmLSS_cpiFailuresOverSGs,thresholdCrossed,Critical,In Service,"LSS_cpiFailuresOverSGs : pm : billa-necc1 : PoolType=CPPS:PoolId=1:PoolMemberId=0:CompId=PMCPI:Resource_type=cpiFailuresOverSGs:UUID=48f0d6c1-639a-41a5-81c3-91ed9324729a : Counts: VS.AttSGsSignalingProcedures=108,VS.NbrSuccessSGsSignalingProcedures=54 over previous 40 minutes (8 interval(s)) resulted in a failure rate of 50.0% above threshold=10%. See alarm documentation for this alarm for a description of these values and calculation.;",qualityOfServiceAlarm,10.103.253.100,network:10.103.253.100:cmmInst:cvnfc-cmmAgg-cpps-1-0,Indeterminate,false,N/A,2022/11/24 16:51:14 000 IST,1
2022/11/24 16:41:13 000 IST,billa,ltecmm.CppsVNFCMember,"CPPS, Pool ID - 1, Member ID - 0",CmmLSS_cpiAttachFailures,thresholdCrossed,Critical,In Service,"LSS_cpiAttachFailures : pm : billa-necc1 : PoolType=CPPS:PoolId=1:PoolMemberId=0:CompId=PMCPI:Resource_type=cpiAttachFailures:UUID=48f0d6c1-639a-41a5-81c3-91ed9324729a : Counts: VS.AttAttachRequests=101,VS.NbrSuccessAttachRequests=63 over previous 35 minutes (7 interval(s)) resulted in a failure rate of 37.6% above threshold=15%. See alarm documentation for this alarm for a description of these values and calculation.;",qualityOfServiceAlarm,10.103.253.100,network:10.103.253.100:cmmInst:cvnfc-cmmAgg-cpps-1-0,Indeterminate,false,N/A,2022/11/24 16:41:13 000 IST,1
2022/11/24 16:31:14 000 IST,billa,ltecmm.CppsVNFCMember,"CPPS, Pool ID - 1, Member ID - 0",CmmLSS_cpiTauFailures,thresholdCrossed,Major,In Service,"LSS_cpiTauFailures : pm : billa-necc1 : PoolType=CPPS:PoolId=1:PoolMemberId=0:CompId=PMCPI:Resource_type=cpiTauFailures:UUID=48f0d6c1-639a-41a5-81c3-91ed9324729a : Counts: VS.AttTAU=102,VS.NbrSuccessTAU=89 over previous 50 minutes (10 interval(s)) resulted in a failure rate of 12.7% above threshold=10%. See alarm documentation for this alarm for a description of these values and calculation.;",qualityOfServiceAlarm,10.103.253.100,network:10.103.253.100:cmmInst:cvnfc-cmmAgg-cpps-1-0,Indeterminate,false,N/A,2022/11/24 16:31:14 000 IST,1
2022/11/24 16:31:14 000 IST,billa,ltecmm.VNFCMember,"IPDS, Pool ID - 0, Member ID - 0",CmmLSS_cpiS1MMEconnFailures,thresholdCrossed,Critical,In Service,"LSS_cpiS1MMEconnFailures : pm : billa-necc1 : PoolType=IPDS:PoolId=0:PoolMemberId=0:CompId=PMCPI:Resource_type=cpiS1MMEconnFailures:UUID=cdfd0b7e-3690-4b83-86e9-b0e6efcc9b14 : Counts: VS.AttS1MMEconnEst=107,VS.NumSuccessS1MMEconnEst=64 over previous 30 minutes (6 interval(s)) resulted in a failure rate of 40.1% above threshold=10%. See alarm documentation for this alarm for a description of these values and calculation.;",qualityOfServiceAlarm,10.103.253.100,network:10.103.253.100:cmmInst:vnfc-cmmAgg-ipds-0-0,Indeterminate,false,N/A,2022/11/24 16:31:14 000 IST,1
2022/11/24 16:18:02 000 IST,billa,ltecmm.CMMInstance,cmmInst,CmmLSS_externalLinkDown,linkFailure,Major,In Service,LSS_externalLinkDown : ipds : billa-ipds0 : PoolType=IPDS:PoolId=0:Resource_type=mmeLink:LinkId=S1mme_115 : S1mme link 115 (10.41.220.149ENB NAME: AirScale-3249 PLMN ID: 404-99f ENB ID: 3249) intf name S1MME_1 is Disabled;,communicationsAlarm,10.103.253.100,network:10.103.253.100:cmmInst,Indeterminate,false,N/A,2022/11/24 16:18:02 000 IST,1
2022/11/14 16:11:14 000 IST,billa,ltecmm.CppsVNFCMember,"CPPS, Pool ID - 1, Member ID - 0",CmmLSS_cpiFailuresOverSGs,thresholdCrossed,Critical,In Service,"LSS_cpiFailuresOverSGs : pm : billa-necc1 : PoolType=CPPS:PoolId=1:PoolMemberId=0:CompId=PMCPI:Resource_type=cpiFailuresOverSGs:UUID=48f0d6c1-639a-41a5-81c3-91ed9324729a : Counts: VS.AttSGsSignalingProcedures=106,VS.NbrSuccessSGsSignalingProcedures=58 over previous 50 minutes (10 interval(s)) resulted in a failure rate of 45.2% above threshold=10%. See alarm documentation for this alarm for a description of these values and calculation.;",qualityOfServiceAlarm,10.103.253.100,network:10.103.253.100:cmmInst:cvnfc-cmmAgg-cpps-1-0,Indeterminate,false,N/A,2022/11/14 16:11:14 000 IST,1
2022/11/04 12:51:24 000 IST,billa,ltecmm.CMMInstance,cmmInst,CmmLSS_externalLinkDown,linkFailure,Major,In Service,LSS_externalLinkDown : ipds : billa-ipds0 : PoolType=IPDS:PoolId=0:Resource_type=mmeLink:LinkId=S1mme_221 : S1mme link 221 (10.41.220.190ENB NAME: MRBTS PLMN ID: 404-99f ENB ID: 3290) intf name S1MME_3 is Disabled;,communicationsAlarm,10.103.253.100,network:10.103.253.100:cmmInst,Indeterminate,false,N/A,2022/11/04 12:51:24 000 IST,1
2022/11/04 12:44:28 000 IST,billa,ltecmm.CMMInstance,cmmInst,CmmLSS_externalLinkDown,linkFailure,Major,In Service,LSS_externalLinkDown : ipds : billa-ipds0 : PoolType=IPDS:PoolId=0:Resource_type=mmeLink:LinkId=S1mme_198 : S1mme link 198 (10.43.197.141ENB NAME: eNBlab1 PLMN ID: 404-99f ENB ID: 434) intf name S1MME_3 is Disabled;,communicationsAlarm,10.103.253.100,network:10.103.253.100:cmmInst,Indeterminate,false,N/A,2022/11/04 12:44:28 000 IST,1
2022/11/04 12:36:13 000 IST,billa,ltecmm.VNFCMember,"IPDS, Pool ID - 0, Member ID - 0",CmmLSS_cpiGTPcResponseTO_S11,thresholdCrossed,Minor,In Service,"LSS_cpiGTPcResponseTO_S11 : pm : billa-necc1 : PoolType=IPDS:PoolId=0:PoolMemberId=0:CompId=PMCPI:Resource_type=cpiGTPcResponseTO_S11:UUID=cdfd0b7e-3690-4b83-86e9-b0e6efcc9b14 : Counts: VS.TotalReqSent_S11gtpc=270,VS.NbrTO_S11gtpc=9 over previous 5 minutes (1 interval(s)) resulted in a failure rate of 3.3% above threshold=2%. See alarm documentation for this alarm for a description of these values and calculation.;",qualityOfServiceAlarm,10.103.253.100,network:10.103.253.100:cmmInst:vnfc-cmmAgg-ipds-0-0,Indeterminate,false,N/A,2022/11/04 12:36:13 000 IST,1
2022/11/04 12:16:13 000 IST,billa,ltecmm.CppsVNFCMember,"CPPS, Pool ID - 0, Member ID - 0",CmmLSS_cpiAttachWithSGWreselection,thresholdCrossed,Minor,In Service,"LSS_cpiAttachWithSGWreselection : pm : billa-necc1 : PoolType=CPPS:PoolId=0:PoolMemberId=0:CompId=PMCPI:Resource_type=cpiAttachWithSGWreselection:UUID=94e83f91-8629-4b35-b3a1-6dc177bf1116 : Counts: VS.AttAttachRequests=100,VS.AttachSgwReselection=27 over previous 25 minutes (5 interval(s)) resulted in a failure rate of 27.0% above threshold=15%. See alarm documentation for this alarm for a description of these values and calculation.;",qualityOfServiceAlarm,10.103.253.100,network:10.103.253.100:cmmInst:cvnfc-cmmAgg-cpps-0-0,Indeterminate,false,N/A,2022/11/04 12:16:13 000 IST,1
2022/11/04 11:51:14 000 IST,billa,ltecmm.CppsVNFCMember,"CPPS, Pool ID - 0, Member ID - 0",CmmLSS_cpiAttachFailures,thresholdCrossed,Critical,In Service,"LSS_cpiAttachFailures : pm : billa-necc1 : PoolType=CPPS:PoolId=0:PoolMemberId=0:CompId=PMCPI:Resource_type=cpiAttachFailures:UUID=94e83f91-8629-4b35-b3a1-6dc177bf1116 : Counts: VS.AttAttachRequests=113,VS.NbrSuccessAttachRequests=50 over previous 20 minutes (4 interval(s)) resulted in a failure rate of 55.7% above threshold=15%. See alarm documentation for this alarm for a description of these values and calculation.;",qualityOfServiceAlarm,10.103.253.100,network:10.103.253.100:cmmInst:cvnfc-cmmAgg-cpps-0-0,Indeterminate,false,N/A,2022/11/04 11:51:14 000 IST,1
2022/09/30 22:36:14 000 IST,billa,ltecmm.CppsVNFCMember,"CPPS, Pool ID - 1, Member ID - 0",CmmLSS_cpiFailuresOverSGs,thresholdCrossed,Critical,In Service,"LSS_cpiFailuresOverSGs : pm : billa-necc1 : PoolType=CPPS:PoolId=1:PoolMemberId=0:CompId=PMCPI:Resource_type=cpiFailuresOverSGs:UUID=48f0d6c1-639a-41a5-81c3-91ed9324729a : Counts: VS.AttSGsSignalingProcedures=110,VS.NbrSuccessSGsSignalingProcedures=71 over previous 25 minutes (5 interval(s)) resulted in a failure rate of 35.4% above threshold=10%. See alarm documentation for this alarm for a description of these values and calculation.;",qualityOfServiceAlarm,10.103.253.100,network:10.103.253.100:cmmInst:cvnfc-cmmAgg-cpps-1-0,Indeterminate,false,N/A,2022/09/30 22:36:14 000 IST,1
2022/09/30 22:21:39 000 IST,billa,ltecmm.CMMInstance,cmmInst,CmmLSS_externalLinkDown,linkFailure,Major,In Service,LSS_externalLinkDown : ipds : billa-ipds0 : PoolType=IPDS:PoolId=0:Resource_type=mmeLink:LinkId=S1mme_46 : S1mme link 46 (10.43.197.245ENB NAME: eNB187 PLMN ID: 404-99f ENB ID: 187) intf name S1MME_1 is Disabled;,communicationsAlarm,10.103.253.100,network:10.103.253.100:cmmInst,Indeterminate,false,N/A,2022/09/30 22:21:39 000 IST,1
2022/09/01 12:51:23 552 IST,billa,netw.NetworkElement,billa,PartialResyncProblem,partialResyncProblem,Warning,In Service,N/A,communicationsAlarm,10.103.253.100,network:10.103.253.100,Indeterminate,false,N/A,2022/09/01 12:51:23 552 IST,1
2022/08/18 14:28:49 137 IST,billa,lte.MmeNR10Peer,mmeNR10-1,EPSPeerLocked,EPSPeerLocked,Major,In Service,N/A,communicationsAlarm,10.103.253.100,network:10.103.253.100:cmmInst:mmeNR10-1,Indeterminate,false,N/A,2022/08/18 14:28:49 137 IST,1
2022/08/12 12:14:55 000 IST,billa,ltecmm.VNFCMember,"IPDS, Pool ID - 0, Member ID - 1",CmmLSS_threadsExhausted,cpuCyclesLimitExceeded,Critical,In Service,"LSS_threadsExhausted : ipds : billa-ipds1 : Machine=billa-ipds1:PoolType=IPDS:PoolId=0:PoolMemberId=1:Resource_type=sys_resource:UUID=59caf038-43de-4054-8451-dc16a7b463ff : MME Critical Task(s) failure, cnt=5;1st in list task[N2]   ==>>> !!! Recommended Recovery: Init Service !!! <<<==;",processingErrorAlarm,10.103.253.100,network:10.103.253.100:cmmInst:vnfc-cmmAgg-ipds-0-1,Indeterminate,false,N/A,2022/08/12 12:14:55 000 IST,1
2022/08/12 12:09:06 000 IST,billa,ltecmm.VNFCMember,"IPDS, Pool ID - 0, Member ID - 0",CmmLSS_degradedResource,performanceDegraded,Major,In Service,LSS_degradedResource : rem : billa-necc1 : PoolType=IPDS:PoolId=0:PoolMemberId=0:Resource_type=sys_resource:UUID=cdfd0b7e-3690-4b83-86e9-b0e6efcc9b14 : This Service Member has one or more critical resources in a degraded condition.;,qualityOfServiceAlarm,10.103.253.100,network:10.103.253.100:cmmInst:vnfc-cmmAgg-ipds-0-0,Indeterminate,false,N/A,2022/08/12 12:09:06 000 IST,1
2022/08/07 10:48:03 000 IST,billa,ltecmm.CppsVNFCMember,"CPPS, Pool ID - 0, Member ID - 0",CmmLSS_taiFqdnError,softwareError,Minor,In Service,LSS_taiFqdnError : ssp : billa-cpps0 : Machine=billa-cpps0:PoolType=CPPS:PoolId=0:PoolMemberId=0:Resource_type=mmeTAIFQDN:UUID=94e83f91-8629-4b35-b3a1-6dc177bf1116 : See customer log for more details! :NAPTR-Query fqdn=tac-lb41.tac-hb01.tac.epc.mnc001.mcc001.3gppnetwork.org:;,processingErrorAlarm,10.103.253.100,network:10.103.253.100:cmmInst:cvnfc-cmmAgg-cpps-0-0,Indeterminate,false,N/A,2022/08/07 10:48:03 000 IST,1
2022/08/07 10:47:46 000 IST,billa,ltecmm.CppsVNFCMember,"CPPS, Pool ID - 1, Member ID - 0",CmmLSS_taiFqdnError,softwareError,Minor,In Service,LSS_taiFqdnError : ssp : billa-cpps1 : Machine=billa-cpps1:PoolType=CPPS:PoolId=1:PoolMemberId=0:Resource_type=mmeTAIFQDN:UUID=48f0d6c1-639a-41a5-81c3-91ed9324729a : See customer log for more details! :NAPTR-Query fqdn=tac-lb41.tac-hb01.tac.epc.mnc001.mcc001.3gppnetwork.org:NAPTR-Query fqdn=tac-lb41.tac-hb01.tac.epc.mnc001.mcc001.3gppnetwork.org:;,processingErrorAlarm,10.103.253.100,network:10.103.253.100:cmmInst:cvnfc-cmmAgg-cpps-1-0,Indeterminate,false,N/A,2022/08/07 10:47:46 000 IST,1
2022/08/07 10:42:02 000 IST,billa,ltecmm.CppsVNFCMember,"CPPS, Pool ID - 0, Member ID - 0",CmmLSS_mmeDnsError,softwareError,Minor,In Service,LSS_mmeDnsError : ssp : billa-cpps0 : Machine=billa-cpps0:PoolType=CPPS:PoolId=0:PoolMemberId=0:Resource_type=mmeDNS:UUID=94e83f91-8629-4b35-b3a1-6dc177bf1116 : See customer log for more details! :NAPTR-Query fqdn=mmec0a.mmegid92f.mme.epc.mnc099.mcc404.3gppnetwork.org:NAPTR-Query fqdn=mmec0a.mmegid92f.mme.epc.mnc099.mcc404.3gppnetwork.org:NAPTR-Query fqdn=mmec0a.mmegid92f.mme.epc.mnc099.mcc404.3gppnetwork.org:NAPTR-Query fqdn=mmec0a.mmegid92f.mme.epc.mnc099.mcc404.3gppnetwork.org:NAPTR-Query fqdn=mmec0a.mmegid92f.mme.epc.mnc099.mcc404.3gppnetwork.org:NAPTR-Query fqdn=mmec0a.mmegid92f.mme.epc.mnc099.mcc404.3gppnetwork.org:NAPTR-Query fqdn=mmec0a.mmegid92f.mme.epc.m;,processingErrorAlarm,10.103.253.100,network:10.103.253.100:cmmInst:cvnfc-cmmAgg-cpps-0-0,Indeterminate,false,N/A,2022/08/07 10:42:02 000 IST,1
2022/08/07 10:41:45 000 IST,billa,ltecmm.CppsVNFCMember,"CPPS, Pool ID - 1, Member ID - 0",CmmLSS_mmeDnsError,softwareError,Minor,In Service,LSS_mmeDnsError : ssp : billa-cpps1 : Machine=billa-cpps1:PoolType=CPPS:PoolId=1:PoolMemberId=0:Resource_type=mmeDNS:UUID=48f0d6c1-639a-41a5-81c3-91ed9324729a : See customer log for more details! :NAPTR-Query fqdn=mmec0a.mmegid92f.mme.epc.mnc099.mcc404.3gppnetwork.org:NAPTR-Query fqdn=mmec0a.mmegid92f.mme.epc.mnc099.mcc404.3gppnetwork.org:NAPTR-Query fqdn=mmec0a.mmegid92f.mme.epc.mnc099.mcc404.3gppnetwork.org:NAPTR-Query fqdn=mmec0a.mmegid92f.mme.epc.mnc099.mcc404.3gppnetwork.org:NAPTR-Query fqdn=mmec0a.mmegid92f.mme.epc.mnc099.mcc404.3gppnetwork.org:NAPTR-Query fqdn=mmec0a.mmegid92f.mme.epc.mnc099.mcc404.3gppnetwork.org:NAPTR-Query fqdn=mmec0a.mmegid92f.mme.epc.m;,processingErrorAlarm,10.103.253.100,network:10.103.253.100:cmmInst:cvnfc-cmmAgg-cpps-1-0,Indeterminate,false,N/A,2022/08/07 10:41:45 000 IST,1
2022/08/07 10:38:02 000 IST,billa,ltecmm.CppsVNFCMember,"CPPS, Pool ID - 0, Member ID - 0",CmmLSS_pgwDnsError,softwareError,Minor,In Service,LSS_pgwDnsError : ssp : cpps0 : Machine=billa-cpps0:PoolType=CPPS:PoolId=0:PoolMemberId=0:Resource_type=pgwDNS:UUID=94e83f91-8629-4b35-b3a1-6dc177bf1116 : See customer log for more details! :NAPTR-Query fqdn=slaapn.apn.epc.mnc001.mcc001.3gppnetwork.org:NAPTR-Query fqdn=slaapn.apn.epc.mnc001.mcc001.3gppnetwork.org:;,processingErrorAlarm,10.103.253.100,network:10.103.253.100:cmmInst:cvnfc-cmmAgg-cpps-0-0,Indeterminate,false,N/A,2022/08/07 10:38:02 000 IST,1
2022/08/07 10:38:02 000 IST,billa,ltecmm.CppsVNFCMember,"CPPS, Pool ID - 0, Member ID - 0",CmmLSS_sgsnDnsError,softwareError,Minor,In Service,LSS_sgsnDnsError : ssp : cpps0 : Machine=billa-cpps0:PoolType=CPPS:PoolId=0:PoolMemberId=0:Resource_type=sgsnDNS:UUID=94e83f91-8629-4b35-b3a1-6dc177bf1116 : See customer log for more details! :A/AAAA-Query fqdn=rac0001.lac100e.mnc099.mcc404.gprs:A/AAAA-Query fqdn=rac0001.lac100e.mnc099.mcc404.gprs:A/AAAA-Query fqdn=rac0001.lac100e.mnc099.mcc404.gprs:A/AAAA-Query fqdn=rac0001.lac100e.mnc099.mcc404.gprs:A/AAAA-Query fqdn=rac0001.lac105f.mnc001.mcc001.gprs:A/AAAA-Query fqdn=rac0001.lac105f.mnc001.mcc001.gprs:A/AAAA-Query fqdn=rac0001.lac105f.mnc001.mcc001.gprs:A/AAAA-Query fqdn=rac0001.lac105f.mnc001.mcc001.gprs:A/AAAA-Query fqdn=rac0001.lac105f.mnc001.mcc001.gpr;,processingErrorAlarm,10.103.253.100,network:10.103.253.100:cmmInst:cvnfc-cmmAgg-cpps-0-0,Indeterminate,false,N/A,2022/08/07 10:38:02 000 IST,1
2022/08/07 10:37:45 000 IST,billa,ltecmm.CppsVNFCMember,"CPPS, Pool ID - 1, Member ID - 0",CmmLSS_pgwDnsError,softwareError,Minor,In Service,LSS_pgwDnsError : ssp : cpps1 : Machine=billa-cpps1:PoolType=CPPS:PoolId=1:PoolMemberId=0:Resource_type=pgwDNS:UUID=48f0d6c1-639a-41a5-81c3-91ed9324729a : See customer log for more details! :NAPTR-Query fqdn=orandata.apn.epc.mnc001.mcc001.3gppnetwork.org:;,processingErrorAlarm,10.103.253.100,network:10.103.253.100:cmmInst:cvnfc-cmmAgg-cpps-1-0,Indeterminate,false,N/A,2022/08/07 10:37:45 000 IST,1
2022/08/07 10:37:45 000 IST,billa,ltecmm.CppsVNFCMember,"CPPS, Pool ID - 1, Member ID - 0",CmmLSS_sgsnDnsError,softwareError,Minor,In Service,LSS_sgsnDnsError : ssp : cpps1 : Machine=billa-cpps1:PoolType=CPPS:PoolId=1:PoolMemberId=0:Resource_type=sgsnDNS:UUID=48f0d6c1-639a-41a5-81c3-91ed9324729a : See customer log for more details! :A/AAAA-Query fqdn=rac0001.lac100e.mnc099.mcc404.gprs:A/AAAA-Query fqdn=rac0001.lac100e.mnc099.mcc404.gprs:A/AAAA-Query fqdn=rac0001.lac100e.mnc099.mcc404.gprs:A/AAAA-Query fqdn=rac0001.lac100e.mnc099.mcc404.gprs:A/AAAA-Query fqdn=rac0001.lac100e.mnc099.mcc404.gprs:A/AAAA-Query fqdn=rac0001.lac105f.mnc001.mcc001.gprs:A/AAAA-Query fqdn=rac0001.lac105f.mnc001.mcc001.gprs:A/AAAA-Query fqdn=rac0001.lac105f.mnc001.mcc001.gprs:A/AAAA-Query fqdn=rac0001.lac105f.mnc001.mcc001.gpr;,processingErrorAlarm,10.103.253.100,network:10.103.253.100:cmmInst:cvnfc-cmmAgg-cpps-1-0,Indeterminate,false,N/A,2022/08/07 10:37:45 000 IST,1
2022/08/07 10:13:22 000 IST,billa,ltecmm.VNFCMember,"NECC, Pool ID - 0, Member ID - 0",CmmCinderVolumeRemoved,inputOutputDeviceError,Major,In Service,"CinderVolumeRemoved : Supervisor : necc0 : PoolType=necc:PoolId=0:PoolMemberId=0:Data={source=169.254.64.76,volume=swupDisk} : unknown additional text;",processingErrorAlarm,10.103.253.100,network:10.103.253.100:cmmInst:vnfc-cmmAgg-necc-0-0,Indeterminate,false,N/A,2022/08/07 10:13:22 000 IST,1
